price,city,area(sqft),house_age
313000.0,Shoreline,9252,20
342000.0,Kent,13877,59
420000.0,Bellevue,10030,62
550000.0,Redmond,12440,33
490000.0,Seattle,7260,31
335000.0,Redmond,3910,49
640000.0,Seattle,7720,15
463000.0,Lake Forest Park,9030,31
588500.0,Sammamish,17222,45
365000.0,Seattle,7525,16
242500.0,Kent,10920,60
419000.0,Bellevue,8270,69
367500.0,Auburn,10341,28
257950.0,Des Moines,7228,25
275000.0,North Bend,11457,16
750000.0,Seattle,12818,102
435000.0,Bellevue,10250,46
626000.0,Seattle,3322,20
612500.0,Bothell,14991,34
495000.0,Seattle,7980,36
285000.0,Federal Way,12924,38
615000.0,Seattle,9651,77
698000.0,Kirkland,13450,105
790000.0,Seattle,7350,26
382500.0,Kirkland,10260,58
499950.0,Woodinville,6205,22
650000.0,Seattle,6820,15
625000.0,Shoreline,11228,11
440000.0,Seattle,5650,81
287200.0,Maple Valley,21816,33
403000.0,Normandy Park,15060,68
750000.0,Seattle,8940,16
335000.0,Fall City,17795,25
260000.0,Renton,10105,51
308500.0,Shoreline,7024,42
439950.0,Seattle,4645,16
235000.0,Seattle,10610,76
315000.0,Woodinville,10340,28
407500.0,Renton,12390,29
445700.0,Seattle,2450,24
805000.0,Seattle,7210,96
470000.0,Bothell,11865,49
430000.0,Bellevue,11920,46
785000.0,Snoqualmie,15655,19
385000.0,Seattle,2647,17
295000.0,Seattle,2998,16
459990.0,North Bend,8219,102
300000.0,Kent,7590,19
553000.0,Seattle,5900,81
379880.0,Issaquah,15704,39
310000.0,Snoqualmie,10955,52
775000.0,Redmond,10072,22
365000.0,Renton,9550,37
331950.0,Auburn,12463,16
783500.0,Seattle,9980,45
628000.0,Seattle,8290,20
560000.0,Sammamish,10644,25
531000.0,Seattle,2445,25
831000.0,Seattle,6170,14
780000.0,Sammamish,13011,29
755000.0,Bellevue,12322,24
705380.0,Issaquah,6833,22
627000.0,Issaquah,9702,12
865000.0,Sammamish,13582,19
580000.0,Seattle,9540,83
485000.0,Kirkland,9388,46
400000.0,Shoreline,11629,77
620000.0,Kirkland,3665,20
405000.0,Seattle,2650,19
232000.0,Des Moines,9263,53
800866.0,Kirkland,16986,35
650000.0,Seattle,11160,40
770000.0,Seattle,8050,36
524000.0,Seattle,7080,81
541125.0,Bellevue,11166,24
670000.0,Seattle,3680,27
384900.0,Federal Way,15840,28
406100.0,Seattle,2742,20
570000.0,Redmond,8010,50
787000.0,Bellevue,8830,21
328000.0,Auburn,8870,19
435000.0,Seattle,11080,67
499000.0,Snoqualmie,9389,19
501000.0,Bellevue,9589,17
400000.0,Seattle,6350,20
220000.0,Federal Way,10840,54
657100.0,Seattle,5630,14
309950.0,Maple Valley,7310,19
300000.0,Duvall,11122,39
340000.0,Kirkland,10142,63
398750.0,Seattle,6230,20
206000.0,Burien,7968,81
1030000.0,Bellevue,20110,49
379950.0,Shoreline,11359,65
287000.0,Seattle,7450,42
309950.0,Renton,9718,31
600000.0,Seattle,8240,80
418000.0,Seattle,7440,95
449250.0,Seattle,5324,55
329950.0,Seattle,6390,40
245000.0,Auburn,11226,41
549000.0,Renton,9248,17
800000.0,Sammamish,11097,31
249950.0,Renton,16590,53
210000.0,Des Moines,12250,24
585000.0,Seattle,10410,27
615000.0,Redmond,14000,48
618500.0,Seattle,6800,43
487585.0,Kirkland,11221,21
509900.0,Issaquah,4490,15
631625.0,Seattle,9091,11
555000.0,Issaquah,5151,16
340000.0,Seattle,2598,24
830000.0,Redmond,13092,18
890000.0,Issaquah,10170,19
366750.0,Seattle,3588,17
415000.0,Issaquah,2618,15
416286.0,Seattle,2397,20
478000.0,Renton,7575,18
890000.0,Issaquah,10490,19
419190.0,Issaquah,3016,11
712198.0,Redmond,6697,102
397000.0,Kirkland,9120,54
450000.0,Seattle,4100,20
353000.0,Seattle,9090,37
234000.0,Covington,9856,50
561000.0,Seattle,9000,39
469000.0,Seattle,5430,14
329350.0,Seattle,7407,26
488000.0,Seattle,7020,87
279900.0,Des Moines,9731,63
606000.0,Issaquah,15960,25
312000.0,Seattle,8354,12
650000.0,Seattle,9105,29
1135000.0,Seattle,11473,11
325000.0,Seattle,8046,45
425000.0,Inglewood-Finn Hill,9503,58
219000.0,Seattle,6060,17
250000.0,Shoreline,7924,20
390000.0,Bellevue,7760,59
736000.0,Bellevue,14337,37
272000.0,Carnation,15466,19
362000.0,Burien,16014,62
535000.0,Kirkland,11959,34
284000.0,Kent,7390,22
367500.0,Shoreline,11057,21
379900.0,Kenmore,13100,16
175000.0,Renton,8044,20
460000.0,Seattle,2159,22
345000.0,Renton,6157,18
455000.0,Kirkland,10010,47
610000.0,Bellevue,12567,58
563000.0,Kenmore,18580,29
612500.0,Seattle,7060,12
218000.0,Federal Way,9534,11
404000.0,Bellevue,12560,21
136500.0,Federal Way,10000,22
313950.0,Seattle,7593,24
575000.0,Seattle,8630,20
280000.0,North Bend,13430,54
515000.0,Sammamish,8957,36
513000.0,Kenmore,7684,29
685000.0,Sammamish,10894,26
365000.0,Seattle,9470,20
762300.0,Sammamish,18430,25
562000.0,Redmond,11151,41
530000.0,Bellevue,12546,61
525000.0,Sammamish,14955,30
484000.0,Seattle,7660,26
725126.0,Newcastle,15569,19
360000.0,Auburn,21448,60
387000.0,Newcastle,10798,63
655500.0,Shoreline,11710,25
345000.0,Seattle,7360,24
533000.0,Seattle,5580,22
385000.0,Seattle,7420,43
197000.0,Auburn,9425,33
485000.0,Seattle,5500,12
295000.0,Federal Way,9980,51
1050000.0,Seattle,4170,17
191000.0,Federal Way,9650,66
500000.0,Seattle,2651,19
390000.0,Seattle,7890,19
979000.0,Seattle,6737,11
580000.0,Renton,11896,102
369950.0,Seattle,2590,19
776000.0,Redmond,9465,17
519950.0,Seattle,2419,11
255000.0,Burien,10692,22
495000.0,Seattle,6990,23
510000.0,Shoreline,7633,22
253000.0,Black Diamond,11372,31
503000.0,Kirkland,8300,45
275000.0,Maple Valley,8600,32
249000.0,Burien,9533,17
310000.0,Renton,12563,51
750000.0,Seattle,7921,36
599999.0,Seattle,10818,22
758000.0,Kirkland,11959,69
248500.0,Covington,11738,65
460000.0,Redmond,10815,40
675000.0,Bellevue,12180,66
526000.0,Seattle,3950,54
415000.0,Bothell,11378,34
246000.0,Burien,8810,81
314500.0,Federal Way,14251,24
350000.0,Kirkland,10370,12
515000.0,Bellevue,10727,58
749950.0,Seattle,8650,76
230000.0,Renton,11100,25
568000.0,Seattle,7430,96
250000.0,Burien,5473,78
581000.0,Kirkland,16205,24
500000.0,Seattle,4895,35
475000.0,Seattle,3543,25
352000.0,Seattle,10980,47
420000.0,Kirkland,9935,21
428000.0,Redmond,5250,22
599000.0,Seattle,6748,105
492000.0,Shoreline,19469,69
630000.0,Renton,8213,14
1110000.0,Clyde Hill,15610,20
575000.0,Seattle,6650,20
705000.0,Seattle,6966,12
940000.0,Seattle,7830,17
313000.0,Federal Way,10190,58
618080.0,Issaquah,8530,25
640000.0,Renton,7445,23
300000.0,Seattle,3761,42
379500.0,Redmond,18975,47
339950.0,Renton,13925,40
239900.0,Kent,8976,40
314950.0,Renton,18026,57
361280.0,Seattle,7220,81
540000.0,Lake Forest Park,11347,41
480500.0,Woodinville,13380,57
280000.0,Auburn,5871,25
440000.0,Seattle,7680,37
530000.0,Seattle,5624,19
560000.0,Issaquah,15234,40
209950.0,Federal Way,12510,13
226500.0,Covington,12402,25
380000.0,Seattle,9000,67
409500.0,Kenmore,15140,28
690000.0,Seattle,8188,43
405000.0,Shoreline,9967,24
375000.0,Maple Valley,14872,16
794154.0,Seattle,10766,46
185000.0,Burien,8090,15
245000.0,Seattle,2530,20
1040000.0,Kirkland,12291,19
425000.0,Seattle,2177,17
365000.0,Seattle,7413,17
417250.0,Seattle,3058,16
339950.0,Seattle,1501,19
615000.0,Seattle,8412,36
980000.0,Mercer Island,14630,54
258000.0,Federal Way,10050,21
533000.0,Seattle,5750,14
537500.0,Sammamish,7180,20
830000.0,Mercer Island,12641,57
712000.0,Seattle,5870,54
262000.0,Algona,8256,23
753888.0,Issaquah,8160,22
134000.0,Skykomish,5980,22
402000.0,Kirkland,9960,48
205000.0,Seattle,5760,20
553650.0,Seattle,2709,28
559950.0,Redmond,6820,19
260000.0,Kent,10930,22
270000.0,Kent,8319,31
719000.0,Seattle,6190,97
266000.0,Kent,10487,36
325900.0,Kent,8590,22
246000.0,Kent,8789,50
515000.0,Seattle,6020,22
207000.0,Seattle,10485,46
780000.0,Bellevue,11675,20
295000.0,Federal Way,9149,32
385000.0,Seattle,11810,81
350000.0,Kent,15765,24
235000.0,Seattle,4278,102
358000.0,Seattle,2768,32
716500.0,Sammamish,9755,23
228000.0,Seattle,8120,32
405000.0,Seattle,9175,77
538000.0,Redmond,11440,14
530000.0,Bellevue,8740,52
636000.0,Seattle,4830,100
868500.0,Renton,6862,17
530000.0,Seattle,5130,95
230000.0,Seattle,6950,56
229000.0,Tukwila,4190,23
437000.0,Redmond,10592,33
595000.0,Kirkland,5104,34
347500.0,Federal Way,9810,36
297950.0,Renton,12040,15
245000.0,Des Moines,9224,16
543200.0,Burien,18420,85
413450.0,Seattle,3154,17
424500.0,Redmond,9160,11
230000.0,Algona,17390,24
930000.0,Seattle,6720,25
349000.0,Renton,11210,25
835000.0,Seattle,8870,84
988500.0,Burien,18822,18
499000.0,Seattle,2067,20
321950.0,Seattle,2137,18
494000.0,Kenmore,7039,14
441750.0,Seattle,2080,17
438000.0,Seattle,2159,15
352000.0,Renton,12690,53
839900.0,Renton,17402,102
765000.0,Issaquah,13609,29
460000.0,Seattle,7250,99
224500.0,Auburn,9785,42
254000.0,Covington,6447,22
920000.0,Sammamish,14775,49
402500.0,Federal Way,14551,25
280950.0,Renton,10090,36
604000.0,Issaquah,10013,36
565000.0,Lake Forest Park,9917,41
255000.0,Seattle,8790,97
445000.0,Seattle,7650,66
195000.0,Seattle,18720,20
387000.0,Issaquah,3051,22
505000.0,Snoqualmie,7924,26
303500.0,Kirkland,11524,52
270000.0,Seattle,7837,72
323000.0,Renton,9183,21
382000.0,Seattle,2663,20
280000.0,Auburn,16629,48
260000.0,Federal Way,9995,56
201500.0,Kent,9480,66
536500.0,Seattle,6000,99
248000.0,Algona,8046,19
580000.0,Kenmore,9108,19
742500.0,Seattle,6873,29
260000.0,Kent,16270,62
312000.0,Kent,9382,41
566000.0,Redmond,11800,45
511555.0,Bellevue,8693,62
583000.0,Redmond,6660,24
290000.0,Auburn,15300,57
311100.0,Renton,10208,48
325000.0,Seattle,3046,18
491300.0,Sammamish,13090,38
315000.0,Burien,10420,69
330000.0,Renton,5724,22
481450.0,Seattle,6210,29
234950.0,Black Diamond,11308,21
251000.0,North Bend,8470,22
833000.0,Sammamish,14088,26
542500.0,Bellevue,16619,25
252500.0,Seattle,7157,13
465000.0,Federal Way,11583,57
225000.0,Maple Valley,11202,33
270000.0,Renton,11273,56
536000.0,Seattle,6713,33
445000.0,Seattle,7784,29
320000.0,Renton,9800,45
769900.0,Seattle,5777,19
212000.0,Seattle,2545,22
376000.0,Seattle,2724,17
324000.0,Seattle,1902,18
549900.0,Seattle,10075,46
320000.0,Maple Valley,9099,22
875000.0,Seattle,8520,18
265000.0,Kent,11473,22
394950.0,Seattle,2600,19
368000.0,Seattle,2720,18
885000.0,Seattle,7830,30
453246.0,Issaquah,4297,11
927000.0,Clyde Hill,15390,72
490000.0,Seattle,2621,22
341000.0,Shoreline,8839,73
235000.0,Seattle,3261,84
255000.0,Seattle,3720,19
876650.0,Mercer Island,14678,55
350000.0,Seattle,5410,35
750000.0,Bellevue,7910,25
582000.0,Seattle,6770,31
372500.0,Seattle,12570,22
410000.0,Maple Valley,19121,25
360000.0,Seattle,7230,82
225000.0,Renton,9002,59
647000.0,Sammamish,9927,26
185000.0,Auburn,9840,24
335000.0,Renton,6867,22
210000.0,Seattle,3683,22
522000.0,Kirkland,10423,45
770000.0,Seattle,6720,11
499950.0,Seattle,7360,31
751000.0,Redmond,9252,22
330000.0,Burien,9815,102
465000.0,Kirkland,13378,69
850000.0,Mercer Island,14264,24
947500.0,Mercer Island,15619,57
302000.0,Maple Valley,9993,39
500000.0,Seattle,2624,18
201000.0,Kent,11210,56
265000.0,Redmond,4118,17
339000.0,Shoreline,9180,16
690000.0,Issaquah,16133,36
788000.0,Issaquah,9439,22
315275.0,Seattle,9480,31
505000.0,Seattle,6740,69
368000.0,Woodinville,11178,28
156000.0,Federal Way,9550,36
610000.0,Seattle,7110,95
420000.0,Redmond,2849,16
192000.0,Normandy Park,11240,72
910000.0,Seattle,8820,63
840000.0,Seattle,5350,89
300000.0,Seattle,9460,50
505000.0,Kirkland,9149,47
746000.0,Bellevue,11570,33
211000.0,Burien,8970,84
675000.0,Seattle,5740,61
734200.0,Seattle,7760,55
630000.0,Seattle,7770,44
301500.0,Seattle,2163,20
369000.0,Seattle,1875,16
635000.0,Seattle,3003,15
1033888.0,Redmond,8457,11
383000.0,Maple Valley,8383,15
1050000.0,Kirkland,14280,17
455000.0,Renton,11045,24
819900.0,Redmond,10269,102
625000.0,Seattle,3656,16
651000.0,Sammamish,9880,32
757000.0,Issaquah,8473,18
460000.0,Kenmore,12800,21
267345.0,Federal Way,10675,53
530000.0,Redmond,6630,19
449500.0,Shoreline,8380,46
289000.0,Renton,8405,44
373000.0,Kent,8711,19
525000.0,Seattle,7041,31
550000.0,Bellevue,9750,69
523000.0,Bellevue,8975,24
628000.0,Seattle,8260,21
581000.0,Redmond,10254,62
245000.0,Seattle,9922,22
415000.0,Seattle,6960,41
225000.0,Kent,8750,14
287000.0,Duvall,11090,38
799200.0,Seattle,5260,11
591000.0,Seattle,4080,69
700000.0,Bellevue,10428,50
475000.0,Renton,12440,22
575000.0,Seattle,13330,26
771000.0,Seattle,7900,98
155000.0,Seattle,7142,23
550000.0,Seattle,11540,11
645000.0,Bellevue,15490,50
464000.0,Shoreline,12370,66
1050000.0,Sammamish,21025,22
350000.0,Vashon,16308,21
717000.0,Seattle,5190,24
225000.0,SeaTac,14509,56
225000.0,Seattle,7575,13
345000.0,Kirkland,8290,28
230000.0,Seattle,6010,94
385000.0,Seattle,8080,23
90000.0,Kirkland,3430,12
860000.0,Bellevue,14679,39
675000.0,Newcastle,8548,19
975000.0,Bellevue,10984,25
780000.0,Mercer Island,12835,58
370000.0,Shoreline,9904,74
665000.0,Seattle,7760,81
675000.0,Redmond,13010,57
620000.0,Seattle,5760,21
450000.0,Seattle,2142,15
530000.0,Bellevue,9880,53
635000.0,Bellevue,15270,56
580000.0,Bellevue,9415,25
285000.0,Burien,9730,52
375000.0,Normandy Park,10676,42
560000.0,Seattle,6440,19
405000.0,Lake Forest Park,15709,24
413000.0,Seattle,7410,23
287600.0,Auburn,10201,16
225000.0,Auburn,8870,17
319000.0,Woodinville,14213,57
322500.0,Duvall,15550,36
570000.0,Seattle,6931,88
465000.0,Seattle,6382,20
435000.0,Snoqualmie,8495,23
525000.0,Woodinville,7962,18
525000.0,Seattle,2741,17
870000.0,Seattle,10293,19
650000.0,Seattle,7071,102
505000.0,Renton,8392,16
330000.0,Seattle,6458,18
385000.0,Seattle,6600,37
306000.0,Seattle,2306,18
546000.0,Seattle,7000,104
925000.0,Mercer Island,9540,67
542000.0,Bellevue,10150,16
800000.0,Seattle,6100,35
620000.0,Seattle,6372,96
175000.0,Des Moines,10095,46
345000.0,Renton,17123,41
530000.0,Normandy Park,17452,51
155000.0,Renton,5900,27
266000.0,Kent,8994,39
257200.0,Auburn,10100,73
265000.0,Auburn,7276,19
372220.0,Seattle,6790,31
337500.0,Seattle,9014,24
582500.0,Seattle,5959,31
489200.0,Kirkland,11450,60
405100.0,Seattle,4362,13
372977.0,Issaquah,3308,11
310000.0,Kenmore,10926,72
702500.0,Seattle,9110,99
565000.0,Newcastle,16907,36
723000.0,Issaquah,6704,22
325000.0,Kent,8269,35
543000.0,Shoreline,9730,11
525000.0,Seattle,7720,14
364000.0,Shoreline,10635,24
394475.0,Seattle,4830,20
316000.0,Auburn,9236,30
339950.0,Seattle,6452,35
160000.0,Kent,12760,62
139000.0,Auburn,18434,47
562000.0,Bellevue,9830,24
511000.0,Kenmore,6703,20
356000.0,Tukwila,14484,45
470000.0,Duvall,16333,34
715000.0,Seattle,7709,84
458000.0,Seattle,9160,24
966000.0,Sammamish,11829,17
305495.0,Renton,12310,59
340000.0,Renton,5686,28
310000.0,Shoreline,9310,17
349950.0,SeaTac,12374,20
267800.0,Shoreline,6700,40
234000.0,Auburn,10640,50
740000.0,Kirkland,13587,25
607500.0,Seattle,8220,27
223000.0,Auburn,8813,52
400000.0,Seattle,3110,51
802000.0,Redmond,15676,39
253000.0,Covington,6771,19
1058000.0,Bellevue,13427,16
300000.0,Seattle,9540,79
625000.0,Redmond,12860,59
707000.0,Sammamish,10281,22
950000.0,Bellevue,10964,30
498000.0,Kirkland,9645,52
450000.0,Federal Way,20082,36
955000.0,Mercer Island,12397,23
215000.0,Tukwila,8440,14
437000.0,Renton,7780,17
773000.0,Issaquah,6070,18
256883.0,Federal Way,6715,22
592500.0,Sammamish,14272,16
252350.0,Renton,9002,11
370000.0,Auburn,8590,19
465750.0,Bellevue,11610,36
185000.0,Seattle,9250,93
582800.0,Sammamish,10186,39
245000.0,Kent,8420,35
302000.0,Renton,9885,62
451555.0,Seattle,5840,54
250000.0,Renton,11580,24
255000.0,Federal Way,9870,36
840000.0,Seattle,14492,13
190000.0,Federal Way,9610,14
349950.0,Seattle,8466,25
613000.0,Seattle,6365,21
300000.0,Shoreline,14220,16
455000.0,Kirkland,9214,45
197500.0,Seattle,4070,20
412500.0,Redmond,9965,62
395300.0,Bellevue,8120,20
342400.0,Kenmore,10810,39
316500.0,Kent,8957,34
390000.0,Kenmore,13040,29
225000.0,Renton,8784,11
280000.0,North Bend,21892,36
575000.0,Seattle,7490,79
1000000.0,Bellevue,20178,16
585000.0,Seattle,5750,104
620000.0,Issaquah,11865,36
204700.0,Auburn,11657,14
695000.0,Sammamish,12280,24
689900.0,Issaquah,10006,22
375000.0,Shoreline,9890,24
215000.0,Maple Valley,11544,56
790000.0,Seattle,7907,29
263000.0,Federal Way,9338,34
400000.0,Shoreline,11934,72
525000.0,Woodinville,10134,34
349950.0,Renton,9196,31
1085000.0,Woodinville,15820,25
744000.0,Seattle,7332,20
312500.0,Seattle,7225,24
240000.0,Shoreline,7600,31
495000.0,Seattle,6050,84
580050.0,Seattle,6998,29
640000.0,Seattle,10358,37
417000.0,Bellevue,11564,69
174950.0,Covington,6260,55
295000.0,Seattle,3350,39
423000.0,Kirkland,9183,49
839000.0,Bellevue,13535,35
343000.0,Seattle,12580,13
467000.0,Seattle,8242,79
512500.0,Seattle,4715,28
575000.0,Lake Forest Park,20830,11
465000.0,Seattle,8296,12
270000.0,Renton,10524,15
340000.0,Seattle,10096,31
765000.0,Issaquah,17855,26
497000.0,Seattle,9440,30
803100.0,Redmond,8714,22
344000.0,Seattle,2362,18
828950.0,Issaquah,9610,102
386380.0,Redmond,5320,15
312000.0,Seattle,2464,16
914500.0,Sammamish,14806,102
819995.0,Newcastle,13365,102
252700.0,Kent,10713,40
350000.0,Seattle,5800,26
619000.0,Snoqualmie,9159,20
408200.0,Seattle,7561,35
451000.0,Seattle,5609,22
317000.0,Renton,13170,48
799000.0,Seattle,8120,20
720000.0,Seattle,9220,37
490000.0,Seattle,3850,22
239900.0,Federal Way,8860,11
446000.0,Kirkland,10070,21
275000.0,North Bend,17119,25
239950.0,Tukwila,7492,27
248000.0,Federal Way,8369,39
619500.0,Issaquah,7170,22
385000.0,Sammamish,11721,44
370000.0,Kirkland,11327,23
425000.0,Kent,15888,37
342000.0,Seattle,8086,81
345000.0,Renton,9971,22
724800.0,Seattle,5983,24
725000.0,Redmond,8140,19
605000.0,Seattle,4510,36
350000.0,Maple Valley,6440,16
250000.0,Maple Valley,8560,59
565000.0,Seattle,2741,102
875000.0,Seattle,8861,37
282613.0,Shoreline,6847,46
174500.0,Des Moines,6210,20
445000.0,Woodinville,9330,41
433000.0,Renton,9848,24
306000.0,Kent,7744,20
620000.0,Seattle,5720,104
245000.0,Seattle,7020,31
238000.0,Seattle,2224,22
523000.0,Seattle,4395,94
522500.0,Snoqualmie,10245,22
180000.0,Seattle,19513,29
375000.0,Seattle,2851,18
249000.0,Kent,9113,43
730100.0,Issaquah,17420,22
551000.0,Bothell,11864,16
375000.0,Des Moines,10746,20
540000.0,Seattle,7840,46
605000.0,Seattle,3790,38
205000.0,Covington,6930,25
645000.0,Sammamish,14540,16
314000.0,Maple Valley,11330,22
330000.0,Bellevue,6120,24
490000.0,Seattle,6160,88
377500.0,Issaquah,2787,20
480000.0,Snoqualmie,7430,16
804995.0,Sammamish,8762,11
675000.0,Snoqualmie,9655,16
611000.0,Issaquah,4118,17
379950.0,Shoreline,3647,18
500000.0,Seattle,2810,19
410000.0,Seattle,5950,81
415000.0,Renton,10822,39
297000.0,Enumclaw,10575,31
575550.0,Redmond,9535,40
534640.0,Woodinville,5630,31
352500.0,Snoqualmie,15520,25
488000.0,Seattle,6048,81
215000.0,Renton,3650,46
592500.0,Seattle,10611,55
290000.0,Kent,8980,37
475000.0,Seattle,5315,96
320000.0,Federal Way,10437,16
290000.0,Renton,9820,63
339000.0,Maple Valley,10431,22
366500.0,Shoreline,11370,80
462000.0,Seattle,6210,71
560000.0,Seattle,6350,15
285000.0,Seattle,15709,16
280000.0,North Bend,10945,32
690000.0,Seattle,6710,85
256500.0,Vashon,11032,45
411000.0,Seattle,7757,62
215000.0,Kent,8245,55
390000.0,Auburn,10780,26
413500.0,Seattle,4770,69
285000.0,Kirkland,4021,14
475000.0,Shoreline,13103,57
386591.0,Issaquah,3303,11
524950.0,Seattle,5715,51
241000.0,Maple Valley,4598,20
461000.0,Seattle,8253,22
885000.0,Seattle,6290,18
247000.0,Federal Way,9521,39
296500.0,Kent,10070,25
141800.0,Renton,5673,43
602000.0,Redmond,15190,12
565000.0,Issaquah,12808,46
373000.0,Woodinville,5235,26
588000.0,Redmond,9380,48
485000.0,Seattle,5600,22
482500.0,Seattle,2895,20
251200.0,Des Moines,9560,72
755000.0,Redmond,13112,32
280000.0,Renton,3636,20
485000.0,Seattle,2500,22
305000.0,Renton,13857,12
110700.0,SeaTac,8744,31
850000.0,Seattle,8540,27
350000.0,Bellevue,8840,40
319950.0,Renton,10355,33
433500.0,Seattle,5560,16
611000.0,Redmond,6660,19
307000.0,Carnation,8870,13
442500.0,Renton,12000,14
485000.0,Des Moines,9906,37
367000.0,Seattle,3034,15
429000.0,North Bend,17044,30
446000.0,Kenmore,14877,47
572500.0,Newcastle,11821,41
477000.0,Seattle,3403,20
518000.0,Seattle,3776,17
462000.0,Bellevue,11780,59
137000.0,Seattle,8570,20
530000.0,Kirkland,5494,28
818000.0,Redmond,11754,14
640000.0,Seattle,2498,18
298450.0,Federal Way,11852,18
575000.0,Snoqualmie,7445,102
730000.0,Sammamish,10561,22
551000.0,Kenmore,8632,24
479000.0,Seattle,2149,17
520000.0,Seattle,12680,11
599950.0,Seattle,7635,11
483945.0,Seattle,6600,26
192500.0,Seattle,8642,22
330000.0,Seattle,9168,77
250000.0,Kent,9520,47
243000.0,Seattle,7292,82
575000.0,Seattle,7340,22
639000.0,Redmond,14178,14
710000.0,Seattle,5790,102
675000.0,Redmond,12250,38
405000.0,Renton,7211,24
615000.0,Bellevue,16013,32
490000.0,Seattle,10100,36
467000.0,Seattle,2483,20
480000.0,Seattle,6010,39
755000.0,Seattle,6655,17
760000.0,Bellevue,15750,38
263000.0,Kent,9345,43
519900.0,Redmond,11170,58
300000.0,Redmond,10990,16
320000.0,Renton,8705,60
387500.0,Seattle,5760,96
458000.0,Woodinville,12490,49
380000.0,Maple Valley,12564,23
200000.0,Renton,6050,58
385000.0,Kenmore,11120,66
396675.0,Seattle,8105,80
452000.0,Seattle,4970,20
426000.0,Maple Valley,11294,22
326000.0,Renton,9080,59
268500.0,Shoreline,9214,42
440000.0,Seattle,5300,31
300000.0,Renton,9855,58
525000.0,Seattle,6313,16
978000.0,Seattle,16397,32
1125000.0,Seattle,6072,40
700000.0,Seattle,5701,25
315000.0,Redmond,7759,41
219950.0,Federal Way,11586,14
289000.0,Covington,6790,23
260000.0,Federal Way,8661,36
699000.0,Seattle,10595,19
299950.0,Shoreline,8910,42
749950.0,Bellevue,13543,33
1100000.0,Seattle,9278,86
384000.0,Snoqualmie,5700,22
350000.0,Maple Valley,9173,26
620000.0,Redmond,11521,22
765000.0,Redmond,14660,33
250000.0,Kent,8800,24
376000.0,Seattle,5150,13
475000.0,Seattle,9425,42
120750.0,Federal Way,10768,56
619500.0,Seattle,5805,33
345000.0,Bellevue,12440,46
598000.0,Sammamish,15368,21
335000.0,Kenmore,11110,58
372500.0,Shoreline,12113,103
300000.0,Auburn,8542,47
194000.0,Seattle,1880,18
507500.0,Bellevue,10138,17
325000.0,Kirkland,11550,66
329900.0,Maple Valley,7075,22
329000.0,Seattle,8365,14
494000.0,Seattle,6390,57
206000.0,Auburn,7725,47
423000.0,Seattle,8849,27
259000.0,Renton,9945,24
879950.0,Seattle,17375,87
345600.0,Seattle,7920,20
395000.0,Seattle,4020,105
625000.0,Snoqualmie,11598,18
380000.0,Seattle,3158,17
440000.0,Seattle,2713,18
415000.0,Seattle,4347,17
860000.0,Kirkland,11257,11
500000.0,Seattle,2410,17
953007.0,Seattle,8206,17
515000.0,Renton,11435,19
772000.0,Seattle,2844,11
329995.0,Auburn,5983,102
409316.0,Snoqualmie,4968,11
490000.0,Seattle,7435,102
305000.0,Seattle,4246,16
785000.0,Issaquah,7754,16
240000.0,SeaTac,8530,32
325000.0,Seattle,7740,37
535800.0,Issaquah,7690,31
720000.0,Seattle,3179,25
374000.0,Kirkland,11416,24
189650.0,Des Moines,8700,45
815000.0,Redmond,13102,19
1065000.0,Bellevue,11356,25
199000.0,Seattle,10150,20
195000.0,Covington,8730,12
288400.0,Renton,5100,28
442000.0,Sammamish,14087,46
619420.0,Newcastle,17253,37
635000.0,Seattle,8930,77
512500.0,Kirkland,9504,16
567000.0,Kirkland,8633,26
525000.0,Snoqualmie Pass,12462,19
475000.0,Seattle,4040,36
250000.0,Auburn,8428,41
220000.0,Enumclaw,10186,69
230000.0,Seattle,8050,56
385500.0,Bothell,9487,21
895000.0,Mercer Island,16803,52
368250.0,Sammamish,9634,25
249900.0,Seattle,6640,13
350000.0,Kirkland,8770,56
175000.0,Auburn,14286,63
270000.0,Seattle,12295,25
495000.0,Seattle,8630,28
330000.0,Woodinville,10376,15
1003000.0,Seattle,8410,32
299800.0,Seattle,6030,57
299900.0,Auburn,8734,23
691000.0,Kirkland,11182,23
195000.0,Des Moines,4979,53
405000.0,Des Moines,12090,63
360000.0,Seattle,8560,37
256750.0,Kent,10981,15
332500.0,Maple Valley,12300,30
218000.0,Seattle,8894,24
589000.0,Snoqualmie,8686,19
255000.0,Renton,10099,12
668750.0,Shoreline,8760,25
344500.0,Renton,7253,23
452000.0,Seattle,7810,15
535000.0,Seattle,5871,56
970000.0,Shoreline,8210,12
520000.0,Kenmore,14736,33
450000.0,Seattle,5200,29
220000.0,Pacific,10165,32
525000.0,Seattle,5450,77
540000.0,Seattle,3161,18
600000.0,Kirkland,7586,24
600000.0,Bellevue,11283,38
389999.0,Issaquah,2916,22
285000.0,Seattle,8380,51
744000.0,Sammamish,15889,19
318989.0,Federal Way,11000,25
556000.0,Kirkland,5620,19
275000.0,Maple Valley,8356,32
430000.0,Shoreline,13710,31
300000.0,Seattle,14670,27
396450.0,Issaquah,13986,58
700000.0,Seattle,10655,19
260000.0,Auburn,11017,21
655000.0,Kirkland,15752,31
413800.0,Redmond,5861,18
950000.0,Issaquah,11330,19
334990.0,Seattle,6448,11
1030000.0,Kirkland,16975,16
1130000.0,Kirkland,12329,18
556000.0,Issaquah,3128,18
360000.0,Seattle,2661,16
324000.0,Renton,8958,31
275000.0,Enumclaw,15319,63
180000.0,Covington,6200,11
749000.0,Sammamish,21129,19
770000.0,Bellevue,10351,38
356000.0,Woodinville,17530,21
625000.0,Redmond,14618,41
926300.0,Seattle,6460,42
430000.0,Kent,12156,16
307000.0,Duvall,9820,49
604700.0,Des Moines,17732,12
219900.0,Seattle,6910,69
270000.0,Seattle,1707,20
432000.0,Seattle,3048,18
300000.0,Renton,12852,82
361000.0,Des Moines,5146,103
249950.0,Burien,9472,66
320000.0,North Bend,11610,47
305000.0,Seattle,10300,83
235750.0,Seattle,11990,87
657000.0,Seattle,11260,20
385000.0,Bellevue,8550,69
389950.0,Federal Way,11200,34
150000.0,Seattle,11090,20
254500.0,Auburn,9834,19
555000.0,Bellevue,10490,48
1075000.0,Bellevue,12800,33
245000.0,Federal Way,9580,14
319950.0,Seattle,6894,76
337000.0,Seattle,7179,74
492000.0,Seattle,6640,42
348580.0,Kirkland,9096,62
180000.0,Renton,5900,17
400000.0,Seattle,7290,26
295000.0,North Bend,11620,47
910000.0,Redmond,14230,25
431500.0,Seattle,3512,17
180000.0,SeaTac,9032,22
635700.0,Sammamish,17218,21
482000.0,Woodinville,11830,47
168000.0,Seattle,3334,19
805000.0,Seattle,8410,75
398000.0,Black Diamond,11535,16
665000.0,Newcastle,19988,29
592500.0,Redmond,10410,57
940000.0,Seattle,6080,25
655000.0,Sammamish,15254,26
622500.0,Snoqualmie,11087,25
380000.0,Seattle,2217,14
648360.0,Kirkland,9265,37
432000.0,Redmond,17125,43
1050000.0,Bellevue,15620,37
353250.0,Seattle,2660,11
320000.0,Seattle,1842,18
349900.0,Federal Way,5775,11
330000.0,Kent,9352,20
408000.0,SeaTac,9171,19
321000.0,Seattle,2639,15
1051000.0,Issaquah,9334,18
359000.0,Seattle,2245,17
300000.0,Seattle,8760,19
380000.0,Seattle,7090,102
660000.0,Redmond,6782,15
355000.0,Seattle,2239,20
259000.0,Auburn,5119,14
353000.0,Seattle,1829,17
430000.0,Seattle,3108,18
460000.0,Seattle,5675,36
782000.0,Bellevue,11994,34
218000.0,Enumclaw,10593,43
325000.0,Seattle,8782,17
980000.0,Seattle,9534,14
902000.0,Bellevue,11730,49
556000.0,Federal Way,20745,34
662990.0,Seattle,4840,99
225000.0,Ravensdale,13167,50
439950.0,Renton,14447,23
306000.0,Woodinville,14280,36
399500.0,North Bend,15096,39
478000.0,Seattle,3860,11
515000.0,Seattle,8180,27
550000.0,Renton,7910,33
149000.0,Seattle,10345,20
526000.0,Seattle,5100,33
625000.0,Sammamish,12692,41
950000.0,Bellevue,10852,26
377691.0,Shoreline,10519,43
648475.0,Seattle,7950,31
383000.0,Seattle,7412,43
535000.0,Redmond,9830,31
449950.0,Seattle,5640,43
599000.0,Seattle,4460,99
416000.0,Redmond,10872,62
595000.0,Seattle,5530,14
200000.0,Renton,12857,62
402000.0,Issaquah,3367,20
433000.0,Bellevue,11430,59
275000.0,Federal Way,17461,11
410000.0,Kirkland,11291,16
554820.0,Burien,16415,43
735000.0,Redmond,11547,41
607000.0,Bellevue,9344,26
258000.0,Maple Valley,9160,25
661254.0,Seattle,8540,85
945000.0,Clyde Hill,16207,17
132500.0,Auburn,11580,14
467100.0,Redmond,10265,12
641000.0,Seattle,5595,99
350000.0,Shoreline,12254,37
335000.0,Renton,10226,42
440000.0,Issaquah,12960,60
464600.0,Seattle,6620,57
300000.0,Seattle,9128,13
670500.0,Seattle,8340,31
552000.0,Seattle,6430,40
244000.0,Seattle,10410,23
788600.0,Redmond,10700,20
445000.0,Renton,10332,25
530000.0,Seattle,6814,26
90000.0,Seattle,8080,23
585000.0,Seattle,6242,94
498000.0,Kirkland,9422,16
379000.0,Seattle,7180,29
462000.0,Seattle,3880,91
388000.0,Renton,9595,32
255000.0,Kent,9861,41
665000.0,Bellevue,11350,59
550000.0,Bellevue,10982,66
606000.0,Seattle,5420,13
334000.0,Seattle,8290,60
360000.0,Seattle,2593,19
235000.0,Seattle,2870,18
580000.0,Seattle,2793,17
355000.0,Seattle,2406,18
375000.0,Seattle,2180,19
372000.0,North Bend,11260,46
479000.0,Seattle,4370,14
501000.0,Seattle,5330,69
245000.0,Maple Valley,8168,31
496700.0,Issaquah,7522,36
347000.0,Auburn,12696,29
199000.0,Renton,7920,82
440500.0,Snoqualmie,6859,18
820000.0,Sammamish,10670,20
325000.0,SeaTac,6065,41
195000.0,Enumclaw,10029,34
295000.0,Maple Valley,5760,22
355300.0,Shoreline,9030,70
276000.0,Seattle,6140,13
370000.0,Shoreline,5830,24
346000.0,Renton,6016,16
172500.0,Auburn,9940,23
379950.0,Kenmore,10834,69
468000.0,Seattle,7160,43
477000.0,Seattle,7990,47
529000.0,Seattle,4538,101
312000.0,Seattle,2629,22
326100.0,Seattle,8563,26
360000.0,Seattle,10256,20
438000.0,Kenmore,14590,24
360000.0,Shoreline,11037,20
1050000.0,Seattle,10120,19
688000.0,Seattle,7000,11
585000.0,Issaquah,9585,42
265000.0,Kent,9181,42
375000.0,Kirkland,10215,12
326500.0,Woodinville,14185,11
735000.0,Sammamish,8601,22
400000.0,Seattle,7590,85
800000.0,Kirkland,9880,12
949880.0,Bellevue,12977,47
405000.0,Shoreline,10080,40
399000.0,Renton,12162,11
730001.0,Seattle,6590,74
260000.0,Pacific,9648,22
325000.0,Kent,14875,42
344950.0,Kent,8580,27
457500.0,Seattle,5870,100
389000.0,Kenmore,13080,63
515000.0,Renton,9673,20
732000.0,Seattle,4317,22
415000.0,Shoreline,10818,25
535000.0,Seattle,6567,31
540000.0,Seattle,5525,22
525000.0,Seattle,6550,99
283200.0,Kent,8388,22
1100000.0,Seattle,6690,99
495000.0,Bellevue,11084,69
292050.0,Tukwila,10039,22
415000.0,Kirkland,12126,21
295832.0,Des Moines,7810,70
450000.0,Duvall,11035,26
499950.0,Seattle,3321,11
465000.0,Kirkland,10200,58
329000.0,Seattle,7552,61
475000.0,Redmond,12732,41
255000.0,Shoreline,9060,20
435000.0,Seattle,5270,71
685000.0,Bellevue,10510,24
715000.0,Redmond,7741,23
780000.0,Seattle,4672,19
345000.0,Seattle,2024,20
355000.0,Renton,6780,22
282000.0,Kent,17391,31
244000.0,Burien,6160,54
967500.0,Seattle,9047,26
375000.0,Seattle,9294,32
994000.0,Seattle,8849,23
313000.0,Shoreline,7525,40
304000.0,Kirkland,8400,53
675000.0,Seattle,10220,24
305000.0,Renton,11388,57
280000.0,Seattle,7450,23
960000.0,Sammamish,18920,20
500000.0,Issaquah,6299,25
274950.0,Covington,9085,25
455600.0,Snoqualmie,10672,19
970000.0,Mercer Island,18665,61
312900.0,Maple Valley,6103,22
535000.0,Seattle,7940,12
427000.0,Seattle,4700,19
405000.0,Seattle,7400,26
480000.0,Seattle,6095,23
725000.0,Seattle,7274,29
268000.0,Burien,8530,58
488000.0,Seattle,4140,40
760000.0,Redmond,10729,16
754950.0,Kirkland,9866,11
263900.0,Des Moines,4358,11
460000.0,Seattle,3031,19
399950.0,Seattle,2347,16
370000.0,Seattle,2115,16
1149000.0,Snoqualmie,17473,22
450800.0,Renton,7821,16
627000.0,Issaquah,6185,20
495000.0,Seattle,3298,102
310000.0,Kenmore,21331,98
215000.0,Burien,10185,82
267000.0,Federal Way,6895,18
365000.0,Kenmore,13540,17
544500.0,Issaquah,12644,51
599000.0,Seattle,4770,11
815000.0,Seattle,5800,24
254000.0,Shoreline,9247,73
740000.0,Seattle,6880,102
925000.0,Seattle,9690,82
537000.0,Kirkland,14470,26
840000.0,Seattle,5840,11
224000.0,Auburn,8860,61
395000.0,Renton,6007,19
450000.0,Seattle,5700,16
681000.0,Seattle,8056,42
429000.0,Redmond,7665,20
150000.0,Seattle,8500,19
555000.0,Bothell,7430,19
225000.0,Auburn,8435,31
245100.0,Auburn,9258,29
665000.0,Sammamish,12560,25
535000.0,Issaquah,5726,31
305000.0,Woodinville,12936,28
215000.0,Pacific,9285,42
432500.0,Seattle,7080,32
655000.0,Sammamish,8659,22
266200.0,Renton,11030,59
244615.0,Kent,6090,26
370000.0,Federal Way,21735,30
189000.0,Auburn,4871,98
820000.0,Seattle,8013,30
968000.0,Sammamish,21190,66
438750.0,Seattle,8090,37
589000.0,Seattle,7110,23
590000.0,Seattle,7800,32
479900.0,Kent,14130,31
210000.0,Seattle,2037,18
745000.0,Beaux Arts Village,11290,37
840500.0,Seattle,7920,35
565000.0,Seattle,13206,47
840000.0,Sammamish,11825,25
681716.0,Renton,10427,19
600000.0,Bellevue,8996,14
380000.0,Seattle,9941,27
168500.0,Covington,11225,15
355000.0,Seattle,4470,105
277000.0,Seattle,7700,25
236000.0,Federal Way,11315,36
270000.0,Seattle,5427,72
700000.0,Seattle,7820,25
425000.0,Kenmore,11225,46
635000.0,Seattle,7800,104
510250.0,Seattle,5400,31
960000.0,Seattle,6970,96
254000.0,Maple Valley,8960,33
299000.0,Shoreline,11014,46
175000.0,Maple Valley,3529,29
157500.0,Kent,9743,27
580000.0,Seattle,7940,80
124740.0,Kent,16940,25
285000.0,Seattle,7040,20
242000.0,SeaTac,10955,11
840000.0,Seattle,6330,69
474800.0,Seattle,2643,25
490000.0,Woodinville,6727,22
465000.0,Kirkland,7592,22
515000.0,Snoqualmie,9858,22
430000.0,Seattle,11030,18
253400.0,Federal Way,10040,57
355000.0,Federal Way,12101,16
186950.0,Federal Way,2692,39
306000.0,Renton,12873,41
510000.0,Bellevue,10840,24
345000.0,Seattle,5080,29
700000.0,Snoqualmie,9589,19
739000.0,Redmond,8210,20
363000.0,Federal Way,10957,17
782000.0,Issaquah,12005,18
325000.0,Seattle,2659,20
452000.0,Kenmore,12592,57
264950.0,Federal Way,11473,25
472000.0,Federal Way,18444,60
267500.0,SeaTac,13504,25
535000.0,Seattle,2376,22
389000.0,Seattle,7910,17
400000.0,Seattle,8590,32
264000.0,Kent,16291,53
690000.0,Issaquah,12824,35
695000.0,Sammamish,6945,19
246500.0,Kent,12870,61
230000.0,Renton,8510,21
820000.0,Seattle,8940,41
145000.0,SeaTac,6500,20
436500.0,Seattle,6260,31
680000.0,Seattle,6330,98
750500.0,Seattle,4610,59
550000.0,Seattle,11938,70
266500.0,Federal Way,9512,25
405000.0,Redmond,15644,25
231000.0,Renton,7905,42
790000.0,Bellevue,15060,58
400000.0,Seattle,5107,25
950000.0,Newcastle,17532,25
450000.0,Seattle,9965,69
595000.0,Seattle,6480,97
332000.0,Renton,11146,21
155000.0,Seattle,7500,76
400000.0,Kenmore,11677,63
349000.0,Renton,9500,44
529000.0,Seattle,8010,81
405000.0,Kirkland,11880,17
635200.0,Seattle,5880,104
540000.0,Seattle,7685,24
402000.0,Seattle,1883,82
329932.0,Seattle,6500,54
300000.0,Federal Way,11907,36
525000.0,Duvall,11846,22
602500.0,Newcastle,9610,26
400000.0,Kenmore,13726,20
445000.0,Seattle,6715,81
525000.0,Des Moines,7838,36
395000.0,Seattle,3144,36
510000.0,Seattle,6040,96
723000.0,Bellevue,10640,66
672500.0,Sammamish,9327,25
860000.0,Bellevue,11906,34
475300.0,Kirkland,12115,69
295000.0,Renton,6829,24
658000.0,Snoqualmie,9476,17
685000.0,Seattle,9253,24
210000.0,Des Moines,9207,39
650880.0,Snoqualmie,8980,17
305000.0,Seattle,1905,19
645000.0,Seattle,2959,17
860000.0,Bellevue,15155,16
395000.0,Covington,7910,23
260000.0,Burien,6900,45
196440.0,Algona,8912,33
425000.0,Seattle,4680,54
369000.0,Seattle,10059,36
349900.0,Renton,9478,16
650000.0,Seattle,4240,31
299950.0,Seattle,10735,20
190000.0,Auburn,13335,47
715000.0,Seattle,10620,78
659000.0,Seattle,14565,79
490000.0,Seattle,7325,37
415000.0,Redmond,6004,22
750000.0,Seattle,10100,13
700000.0,Seattle,5880,11
642000.0,Sammamish,12752,25
655000.0,Bellevue,10530,16
330000.0,Seattle,2786,18
384950.0,Kenmore,5550,25
560000.0,Seattle,9350,72
425000.0,Kirkland,9878,51
315000.0,Seattle,6810,12
530000.0,Sammamish,11856,25
399000.0,Seattle,5740,70
168000.0,Des Moines,4788,33
374000.0,Woodinville,11000,54
280000.0,Seattle,9440,24
322000.0,Kent,9480,31
459900.0,Bellevue,13580,26
750000.0,Seattle,7274,49
427000.0,Seattle,6220,12
735000.0,Seattle,6960,94
642000.0,Issaquah,11340,33
240000.0,Seattle,7330,54
645500.0,Seattle,7092,36
325000.0,Seattle,12410,24
825500.0,Kirkland,14744,16
499431.0,North Bend,8639,102
919204.0,Seattle,8760,11
538888.0,Sammamish,15269,25
693000.0,Redmond,14488,29
289950.0,Renton,5440,22
587000.0,Woodinville,8806,33
615000.0,Seattle,2906,11
459000.0,Kirkland,8950,51
243000.0,Des Moines,13790,13
660000.0,Sammamish,12680,25
315000.0,Seattle,7594,17
404000.0,Seattle,10910,17
559900.0,Woodinville,8499,22
285000.0,Seattle,2453,14
500000.0,Seattle,7245,84
380000.0,Seattle,6010,20
469000.0,Seattle,5200,40
405000.0,Seattle,5944,46
439900.0,Preston,13692,37
525000.0,Maple Valley,10541,19
580000.0,Issaquah,9284,25
275000.0,Maple Valley,5880,17
629000.0,Seattle,6760,105
395000.0,Seattle,3730,46
965000.0,Seattle,7460,87
820000.0,Seattle,8432,24
661000.0,Seattle,6590,67
668500.0,Sammamish,8210,26
350000.0,Auburn,10516,16
250000.0,Kent,9410,25
725995.0,Snoqualmie,11059,24
1000000.0,Bellevue,8562,19
686000.0,Seattle,11830,64
665000.0,Sammamish,12720,25
653000.0,Issaquah,5765,19
430000.0,Seattle,5792,13
305000.0,Issaquah,4120,25
440150.0,Seattle,7910,78
615000.0,Redmond,11220,40
1035000.0,Kirkland,7980,22
455000.0,Seattle,7170,27
635000.0,Seattle,9160,24
675000.0,Redmond,11612,25
316000.0,Kent,10851,25
465500.0,Seattle,8894,32
305000.0,Shoreline,14425,20
645000.0,Bellevue,16830,62
730000.0,Seattle,8360,86
366000.0,Kirkland,9811,14
290000.0,Covington,6908,23
472500.0,Sammamish,17250,43
550000.0,Seattle,5874,23
410000.0,Issaquah,13665,56
440000.0,Lake Forest Park,13374,14
535000.0,Issaquah,11316,41
300000.0,Auburn,9546,22
432500.0,Snoqualmie,8636,23
199950.0,Federal Way,8255,15
439800.0,Bellevue,8020,69
345000.0,Seattle,7640,17
274950.0,Tukwila,10270,21
270000.0,Auburn,10417,19
342000.0,Seattle,2541,20
327000.0,Renton,14520,11
610000.0,Seattle,7829,63
455000.0,Seattle,6860,13
540000.0,Seattle,5960,57
411000.0,Newcastle,12065,49
544000.0,Seattle,9993,19
802000.0,Redmond,8537,22
568500.0,Redmond,9699,44
391000.0,Issaquah,2700,22
298000.0,Maple Valley,5550,15
400000.0,Seattle,2431,19
425000.0,Seattle,7660,11
328500.0,Kent,10080,35
850000.0,Seattle,5220,37
530000.0,Seattle,7291,83
495000.0,Bellevue,11092,24
500000.0,Seattle,5820,80
471000.0,North Bend,12717,19
223000.0,Kent,10150,21
503000.0,Lake Forest Park,7072,26
230000.0,Renton,7040,18
550000.0,Redmond,11770,45
1100000.0,Seattle,6130,100
193000.0,Burien,10228,13
712500.0,Bellevue,10457,69
689800.0,Seattle,11703,83
430000.0,Seattle,6480,101
1070000.0,Newcastle,16450,24
941500.0,Shoreline,13170,45
312000.0,Maple Valley,7005,22
835000.0,Seattle,5550,28
713250.0,Mercer Island,11050,26
440000.0,Seattle,7830,11
580135.0,Renton,9036,11
613000.0,Seattle,4418,34
235000.0,Renton,10230,55
660000.0,Seattle,5088,42
280000.0,Seattle,17121,24
268000.0,Kent,12240,59
235000.0,Seattle,5560,37
390000.0,Seattle,8316,78
449500.0,Kirkland,9528,56
150000.0,Des Moines,9540,36
710000.0,Seattle,7063,97
420000.0,Bothell,11260,12
312000.0,Seattle,6878,71
320000.0,Renton,12638,27
235000.0,Renton,16853,66
640000.0,Newcastle,13542,32
432000.0,Snoqualmie,6006,22
548000.0,Woodinville,6209,24
830000.0,Kirkland,12601,22
875000.0,Sammamish,16104,55
409950.0,Seattle,6495,81
695000.0,Sammamish,15107,19
562100.0,Redmond,14202,16
475000.0,Renton,9810,36
425000.0,Bothell,10870,47
600000.0,Issaquah,12493,25
239000.0,Kent,17820,57
295000.0,North Bend,11791,17
560000.0,Kirkland,12182,62
613000.0,Bellevue,14070,58
960000.0,Seattle,13740,12
206000.0,Federal Way,10660,63
253000.0,Renton,6220,104
430000.0,Lake Forest Park,8993,52
605000.0,Seattle,6100,37
425000.0,Seattle,2322,18
720000.0,Issaquah,15518,39
210000.0,Seattle,9072,22
234000.0,Des Moines,6315,73
285000.0,Tukwila,21176,21
400000.0,Bellevue,6000,63
718000.0,Seattle,5988,27
174500.0,Federal Way,3929,39
222400.0,Pacific,10766,30
402500.0,Duvall,6782,16
250000.0,Federal Way,9417,29
600000.0,Burien,16202,53
930000.0,Redmond,13894,19
272500.0,Renton,9032,42
363990.0,Maple Valley,5952,11
575000.0,Snoqualmie,10764,15
400000.0,Kenmore,6156,16
427874.0,North Bend,7342,102
309000.0,Auburn,6526,11
320000.0,Seattle,3132,102
390000.0,Seattle,8750,83
299000.0,Carnation,12680,14
375000.0,Seattle,9675,70
240500.0,Seattle,12044,28
320000.0,Renton,11030,47
270000.0,Kent,6332,22
327500.0,Seattle,8210,36
340000.0,Kent,14816,25
200000.0,Renton,17897,20
1025000.0,Mercer Island,10640,24
275000.0,Federal Way,10475,16
1126000.0,Bellevue,17765,46
280000.0,Seattle,5880,26
865000.0,Seattle,6815,12
532000.0,Issaquah,6730,32
364950.0,Duvall,10340,47
212500.0,Auburn,15320,48
135000.0,Seattle,13852,26
437000.0,Seattle,8300,43
390000.0,Normandy Park,12348,73
119500.0,Duvall,12170,45
837500.0,Kirkland,12020,31
327500.0,Renton,9450,28
175000.0,Seattle,3048,24
289950.0,Kent,9427,33
400000.0,Kenmore,12261,39
219950.0,Federal Way,9115,41
161700.0,Federal Way,8920,51
500000.0,Shoreline,14360,22
465000.0,Seattle,5410,31
540000.0,Seattle,5210,57
525000.0,Seattle,9340,22
324950.0,Shoreline,8650,27
565000.0,Bellevue,14105,21
1100000.0,Bellevue,11397,56
603500.0,Kenmore,13794,21
583000.0,Redmond,19041,51
275000.0,Shoreline,8919,40
875000.0,Sammamish,14459,26
335000.0,Renton,9750,46
646000.0,Bellevue,11000,25
392500.0,Renton,9453,20
785000.0,Mercer Island,11270,64
470000.0,Kirkland,14469,35
560000.0,Newcastle,14778,29
519000.0,Seattle,3650,105
746000.0,Redmond,11989,52
317000.0,Seattle,6410,36
371000.0,Seattle,5920,36
250000.0,Des Moines,10821,24
532000.0,Redmond,9049,46
499950.0,Seattle,3728,18
375000.0,Seattle,7070,103
640000.0,Seattle,3243,18
400000.0,Renton,13565,39
572000.0,Redmond,9727,39
310000.0,North Bend,12500,30
989000.0,Seattle,7280,22
907500.0,Bellevue,11412,38
427500.0,Renton,7551,22
365000.0,Seattle,9350,37
250500.0,Federal Way,8935,37
411715.0,Seattle,6941,27
415000.0,Shoreline,7962,26
129000.0,Kent,16014,58
489000.0,Seattle,10092,28
170000.0,Tukwila,20040,20
418500.0,Snoqualmie,6459,18
355000.0,Seattle,5650,37
742000.0,Seattle,2244,14
399950.0,Seattle,7324,36
791000.0,Kirkland,7930,36
190000.0,Renton,12034,82
539000.0,Redmond,4010,20
545000.0,Kenmore,19970,67
285000.0,Auburn,7573,14
648000.0,Snoqualmie,9493,17
767450.0,Seattle,9229,19
765000.0,Snoqualmie,9514,19
586500.0,Seattle,3267,19
520000.0,Issaquah,3027,14
455000.0,Seattle,2609,19
653000.0,Kirkland,12430,46
279950.0,Des Moines,11500,21
449950.0,Kenmore,7082,22
565000.0,Bellevue,12356,48
620000.0,Seattle,7750,96
269000.0,Seattle,5940,14
875000.0,Seattle,9250,24
425000.0,Des Moines,17789,24
450000.0,Seattle,6676,39
440000.0,Seattle,8550,20
445000.0,Seattle,6124,17
530000.0,Bellevue,9875,57
875000.0,Seattle,8488,11
798000.0,Sammamish,9992,26
297500.0,Maple Valley,6910,20
495000.0,Seattle,7190,19
540000.0,Bellevue,9730,22
214100.0,Auburn,3214,22
210000.0,Federal Way,12323,36
546000.0,Seattle,4370,14
292000.0,Kent,10156,36
289000.0,Enumclaw,10104,32
240000.0,Issaquah,5975,24
395000.0,Shoreline,9911,42
795000.0,Mercer Island,15154,58
725000.0,Bellevue,13382,21
335000.0,Auburn,7391,16
492000.0,North Bend,13650,31
250000.0,Woodinville,11894,49
700000.0,Seattle,6710,36
555000.0,Redmond,12740,33
390000.0,Seattle,2331,22
466500.0,Seattle,5270,15
372500.0,Sammamish,13504,12
255000.0,Kent,7786,31
466800.0,Kirkland,15730,29
749000.0,Bellevue,13008,25
356000.0,Seattle,5015,80
229000.0,Seattle,8598,31
499950.0,Duvall,15123,24
619000.0,Seattle,5460,22
547000.0,Seattle,9861,57
359800.0,Auburn,8816,26
499000.0,Seattle,3122,17
189000.0,Renton,8570,21
799000.0,Bellevue,12047,31
257000.0,Federal Way,9972,16
270000.0,Burien,11340,25
453500.0,Seattle,8032,36
237000.0,SeaTac,11780,20
456000.0,Seattle,11556,78
355500.0,Maple Valley,8140,22
335000.0,Seattle,6530,24
268500.0,Kent,6337,19
385000.0,Kenmore,13210,47
376000.0,Maple Valley,8193,20
605004.0,Seattle,5370,31
886000.0,Seattle,6560,102
560000.0,Kirkland,5973,22
343000.0,Maple Valley,6570,22
270000.0,Renton,15000,57
411605.0,Auburn,6618,11
550000.0,Renton,7850,18
465000.0,Seattle,2775,11
584000.0,Seattle,2965,18
275000.0,Seattle,2470,19
324500.0,Seattle,5650,16
700000.0,Seattle,6235,14
385200.0,Seattle,9290,20
270000.0,Federal Way,10500,50
735000.0,Seattle,9000,102
389250.0,Seattle,5570,24
315000.0,Fall City,14250,20
545000.0,Seattle,8074,16
550000.0,Seattle,6900,22
415000.0,Woodinville,14506,21
387500.0,Normandy Park,15893,42
432000.0,Lake Forest Park,7720,36
402000.0,Des Moines,12694,66
1035000.0,Burien,14690,24
294700.0,Federal Way,11570,58
744000.0,Redmond,14857,39
715000.0,Bellevue,16008,16
1150000.0,Redmond,18770,11
650000.0,Sammamish,12194,16
510000.0,Kirkland,8520,51
525000.0,Kirkland,10440,53
920000.0,Seattle,8630,55
200000.0,Auburn,11340,22
435000.0,Seattle,5340,99
809950.0,Bellevue,12130,66
471000.0,Issaquah,4835,24
253500.0,Seattle,5610,31
185000.0,Burien,9940,42
835000.0,Redmond,9095,23
589500.0,Snoqualmie,8956,17
360000.0,Shoreline,8040,42
595000.0,Seattle,4165,20
300000.0,Federal Way,18188,26
660000.0,Seattle,5280,32
570000.0,Newcastle,9375,32
285000.0,Seattle,5780,82
435000.0,Seattle,5980,29
450000.0,Issaquah,3441,20
510000.0,Kirkland,15570,46
539000.0,Sammamish,11828,40
407193.0,Carnation,16533,47
320000.0,Milton,11270,42
739000.0,Seattle,6520,91
452000.0,Seattle,7140,36
600000.0,Redmond,8153,24
895000.0,Sammamish,8802,102
585000.0,Issaquah,7177,17
405000.0,Seattle,2478,18
837219.0,Sammamish,10709,11
969990.0,Sammamish,12586,11
490000.0,Seattle,4670,40
462000.0,Renton,9502,19
540000.0,Issaquah,5949,31
260000.0,Renton,6192,18
567500.0,Snoqualmie,9698,24
684680.0,Redmond,11730,46
455000.0,Seattle,4850,14
540000.0,Bothell,7239,18
530000.0,Renton,10600,16
410000.0,Seattle,6470,69
450000.0,Seattle,15140,29
609900.0,Maple Valley,10589,19
648000.0,Issaquah,15815,33
550000.0,Sammamish,6425,20
347000.0,Sammamish,9290,25
288350.0,Tukwila,9823,17
1150000.0,Bellevue,13324,46
250250.0,Federal Way,10210,56
341000.0,Renton,9585,50
700000.0,Sammamish,10928,25
390000.0,Renton,10575,57
539950.0,Renton,9339,62
552000.0,Seattle,2331,19
250000.0,Enumclaw,8273,97
502000.0,Bellevue,10100,62
480000.0,Burien,8720,61
378500.0,Seattle,8258,79
307550.0,Kent,7889,22
304700.0,Seattle,6735,40
568000.0,Seattle,5570,48
385000.0,Kirkland,8730,25
345000.0,Seattle,2630,17
435000.0,Seattle,9090,52
579000.0,Redmond,8145,22
236000.0,Auburn,7631,19
368000.0,Kenmore,12510,53
400000.0,Seattle,6240,26
440000.0,Seattle,10393,31
417000.0,Seattle,7520,22
435000.0,Seattle,5800,11
475000.0,Lake Forest Park,13423,27
563500.0,Duvall,15631,24
471000.0,North Bend,12258,19
500000.0,Bellevue,12126,60
640000.0,Sammamish,11065,34
442500.0,Duvall,16194,33
213400.0,Renton,9836,62
831000.0,Seattle,5935,32
325000.0,Duvall,13155,39
550000.0,Seattle,7800,57
599950.0,Kent,18759,34
750000.0,Seattle,7050,38
290000.0,Renton,6890,51
270000.0,Auburn,9242,26
234999.0,SeaTac,10242,31
367300.0,Auburn,17127,32
550000.0,Seattle,4782,25
352750.0,Seattle,2301,17
403950.0,Seattle,1846,82
980000.0,Seattle,7530,37
554000.0,Bellevue,12540,21
546000.0,Bellevue,4994,19
428000.0,Seattle,3860,39
364900.0,Kent,10804,28
559000.0,Seattle,7456,77
213000.0,Federal Way,10980,47
620000.0,Seattle,9827,22
240000.0,Seattle,18230,47
852500.0,Bellevue,12730,58
410000.0,Snoqualmie,6360,19
625000.0,Bellevue,18410,21
235000.0,Burien,14590,81
489000.0,Seattle,2749,22
536000.0,Sammamish,8124,20
400000.0,Renton,6062,102
398000.0,Seattle,3435,22
379000.0,Renton,9580,24
345000.0,Seattle,2550,17
365000.0,Seattle,4500,14
315000.0,Seattle,3070,15
695000.0,Sammamish,7234,20
315000.0,Kent,11573,33
310000.0,Renton,9070,41
700000.0,Seattle,5960,71
269000.0,Maple Valley,5760,22
369990.0,Renton,9093,23
800000.0,Seattle,6120,32
569000.0,Lake Forest Park,14253,27
175000.0,Burien,10330,54
440000.0,Seattle,2576,25
435000.0,Fall City,17217,39
345000.0,Shoreline,8449,16
558000.0,Seattle,6050,20
490000.0,Issaquah,12495,45
335000.0,Renton,11563,25
100000.0,Renton,3805,56
417500.0,Seattle,12190,27
253000.0,Tukwila,9321,22
490000.0,Covington,11322,31
470000.0,Lake Forest Park,17090,32
483300.0,Bellevue,12310,16
659000.0,Sammamish,8830,29
480000.0,Seattle,6642,19
165000.0,Burien,7570,32
659500.0,Seattle,7320,24
219900.0,Federal Way,8712,58
315000.0,Seattle,5362,101
250000.0,Kent,9150,41
268000.0,Seattle,6380,23
380000.0,Shoreline,12803,36
499000.0,Seattle,4220,22
285000.0,Vashon,19851,79
183000.0,Auburn,10530,52
1070000.0,Seattle,7562,37
429000.0,Seattle,2656,20
403000.0,Seattle,4698,32
375500.0,Lake Forest Park,8730,50
516200.0,Seattle,7260,91
385000.0,Kirkland,10470,54
515000.0,Kirkland,6801,29
375000.0,Burien,11637,26
650000.0,Kirkland,12291,52
306888.0,Renton,8729,12
870000.0,Seattle,15588,19
310000.0,Shoreline,12815,32
251750.0,Kent,8520,50
366000.0,Bothell,10145,49
429950.0,Seattle,11490,31
710000.0,Bellevue,5867,25
149500.0,Des Moines,10460,66
310000.0,Seattle,8551,16
555000.0,Seattle,7156,95
750000.0,Kirkland,10250,28
745000.0,Sammamish,10514,19
433000.0,Seattle,9059,36
307000.0,Shoreline,9334,13
655275.0,Bellevue,13906,22
392000.0,Maple Valley,8495,16
359950.0,Shoreline,10990,73
360000.0,Woodinville,12005,57
566000.0,Seattle,7440,20
700000.0,Seattle,12925,43
415000.0,Renton,8135,25
199500.0,Auburn,10732,63
749000.0,Seattle,6580,22
680000.0,Seattle,10160,24
400000.0,Bothell,10093,47
608000.0,Bothell,12204,42
480000.0,Federal Way,12232,50
1059500.0,Seattle,7055,11
915000.0,Bellevue,17910,102
695000.0,Snoqualmie,12874,24
899900.0,Kirkland,6489,102
499950.0,Seattle,2268,20
533112.0,North Bend,11643,102
303210.0,Auburn,7009,11
525000.0,Renton,11244,19
399950.0,Seattle,1867,82
371500.0,Shoreline,9706,61
522000.0,Redmond,10130,45
588000.0,Seattle,6680,20
276900.0,North Bend,11446,73
248000.0,SeaTac,10588,66
280000.0,Federal Way,8467,36
495000.0,Renton,7940,18
290300.0,Renton,4734,94
527000.0,Seattle,5720,25
487028.0,Seattle,2388,18
354000.0,Redmond,11308,32
262500.0,Seattle,10066,22
560200.0,Sammamish,5974,22
220000.0,Seattle,7350,26
650000.0,Seattle,6780,55
435000.0,Seattle,4001,22
800000.0,Seattle,6690,36
200000.0,Renton,5400,72
295000.0,Seattle,7207,26
285000.0,Kent,5930,20
290000.0,Maple Valley,16610,57
355000.0,Renton,21089,36
381000.0,Lake Forest Park,12867,20
571000.0,Bothell,10065,25
852600.0,Bellevue,15221,48
1085000.0,Seattle,8340,103
371000.0,Seattle,8090,31
514000.0,Seattle,7619,39
386000.0,Seattle,2588,22
464000.0,Renton,9383,36
335000.0,Renton,15530,17
740000.0,Seattle,20323,11
465000.0,Seattle,6820,20
700000.0,Seattle,9878,40
350000.0,Seattle,3052,19
148000.0,Seattle,8881,56
530000.0,Seattle,5230,14
349000.0,Seattle,2432,23
240000.0,North Bend,11120,41
330000.0,Federal Way,9767,36
735000.0,Seattle,7560,37
545000.0,Sammamish,17873,46
214950.0,Covington,6445,48
110000.0,Seattle,15800,14
292000.0,Auburn,10107,19
317000.0,Seattle,9973,17
455000.0,Auburn,13858,24
460000.0,Seattle,6497,96
405000.0,Seattle,8841,31
333000.0,Seattle,7406,26
742000.0,Sammamish,13796,28
465000.0,Shoreline,11792,60
809950.0,Sammamish,9461,24
619400.0,Seattle,5700,98
762400.0,Mercer Island,17037,55
881000.0,Seattle,6635,100
813000.0,Seattle,10045,77
308900.0,Auburn,9544,31
450000.0,North Bend,21550,16
547500.0,Seattle,3912,15
399950.0,Seattle,1841,82
516000.0,Snoqualmie,11248,18
250000.0,Seattle,1828,19
475000.0,Issaquah,4150,20
415000.0,Renton,7050,16
545000.0,Seattle,3390,11
610750.0,Sammamish,9477,41
578000.0,Renton,12365,59
501000.0,Renton,9942,49
465250.0,Shoreline,9582,25
1095000.0,Seattle,7828,16
789500.0,Redmond,9110,20
678500.0,Seattle,9060,73
342500.0,Enumclaw,13455,23
860000.0,Sammamish,10972,20
306000.0,Auburn,10614,24
580000.0,Seattle,8060,20
405000.0,Sammamish,17008,41
510000.0,Kirkland,20800,58
173000.0,Renton,11270,60
210000.0,Auburn,8880,28
445000.0,Seattle,6714,37
585000.0,Seattle,3411,18
381000.0,Shoreline,7800,75
890000.0,Kirkland,10700,59
235000.0,Kent,11537,40
480000.0,Seattle,2353,20
575000.0,Seattle,5542,51
259000.0,Des Moines,9050,62
599000.0,Seattle,7428,14
210000.0,Federal Way,8970,55
545000.0,Seattle,6510,21
299995.0,Auburn,9470,25
795000.0,Kirkland,20279,46
445000.0,Seattle,9306,41
397990.0,Seattle,13042,77
706000.0,Seattle,8300,83
363000.0,Seattle,3430,17
850000.0,Mercer Island,13973,53
620000.0,Seattle,4430,96
333000.0,Renton,11154,62
743000.0,Mercer Island,13360,24
448000.0,Seattle,5410,24
498500.0,Renton,10410,29
531000.0,Bothell,11856,25
670000.0,Seattle,8470,24
310000.0,Seattle,6880,28
835000.0,Des Moines,15313,48
495000.0,Seattle,9385,22
495000.0,Normandy Park,11069,16
440000.0,Seattle,8266,32
280000.0,Seattle,7140,17
1034500.0,Bellevue,13228,22
248000.0,Maple Valley,7625,22
294000.0,Auburn,10675,16
561000.0,Issaquah,5850,22
656500.0,Seattle,7460,40
660000.0,Seattle,5310,100
370000.0,Kirkland,18392,37
349950.0,Redmond,10585,62
223000.0,Renton,10779,25
560000.0,Seattle,5760,81
594000.0,Seattle,7070,88
600000.0,Seattle,6880,80
315000.0,Kent,8880,32
430000.0,Seattle,7890,37
440000.0,Kirkland,8952,53
312500.0,Seattle,2270,26
300000.0,Seattle,2705,17
680000.0,Issaquah,6170,18
336750.0,Issaquah,2181,16
822500.0,Seattle,7280,99
589000.0,Kirkland,12040,64
210000.0,Des Moines,7120,25
206135.0,Kent,12410,25
1125000.0,Seattle,7370,11
285000.0,Seattle,10441,11
230000.0,SeaTac,8480,39
350000.0,Lake Forest Park,11365,49
304000.0,Shoreline,9464,37
370000.0,Seattle,5500,31
810000.0,Bellevue,15483,73
440000.0,Kirkland,9585,51
1030000.0,Seattle,7550,20
775000.0,Seattle,14015,56
235000.0,SeaTac,10440,45
499950.0,Seattle,4830,22
300000.0,Kent,13514,59
205000.0,Federal Way,7856,49
435000.0,Kirkland,9673,28
153000.0,Seattle,7675,81
585000.0,Seattle,4677,98
380000.0,Renton,8905,25
250600.0,Auburn,10590,12
890000.0,Mercer Island,16270,51
370000.0,Renton,7558,24
369500.0,Seattle,11607,24
305000.0,Seattle,6450,42
590000.0,Issaquah,9982,36
485000.0,Issaquah,7645,40
215000.0,Seattle,7910,23
430000.0,Sammamish,6950,54
324900.0,Maple Valley,9845,25
975000.0,Mercer Island,13114,52
910000.0,Seattle,6350,32
459950.0,Burien,8719,91
325000.0,Kent,10407,28
513000.0,Seattle,9090,67
475000.0,Sammamish,13757,12
419000.0,Renton,10637,32
760000.0,Burien,12705,21
1120000.0,Seattle,9200,46
725000.0,Bellevue,15210,57
580000.0,Redmond,6667,33
385000.0,Seattle,6753,104
265000.0,Auburn,12488,67
330000.0,Seattle,2225,20
799000.0,Seattle,7302,25
589000.0,Seattle,11050,57
538000.0,Seattle,8660,11
530100.0,Seattle,4939,22
718500.0,Seattle,9510,37
299000.0,Renton,15107,63
556000.0,Seattle,9077,31
171000.0,Tukwila,21192,46
540000.0,Maple Valley,13385,22
795000.0,Issaquah,6450,18
575000.0,Seattle,2671,19
379500.0,Issaquah,2697,20
385000.0,Renton,7326,19
415500.0,Kenmore,6529,16
397500.0,Kirkland,8220,23
530000.0,Seattle,9144,20
850000.0,Issaquah,14800,57
496752.0,Seattle,6980,102
330000.0,Seattle,10295,20
735000.0,Issaquah,6637,15
525000.0,Kenmore,7284,17
269950.0,Tukwila,6728,23
650000.0,Bellevue,11624,72
520500.0,Seattle,10000,24
652500.0,Issaquah,11822,16
506000.0,Bellevue,10430,24
416000.0,Bellevue,13260,24
500000.0,Newcastle,17627,65
460000.0,Seattle,6258,40
371025.0,Bothell,10455,21
353500.0,Renton,11362,25
183000.0,Auburn,9170,24
763101.0,Seattle,7550,36
460000.0,Seattle,5090,31
825000.0,Seattle,8828,24
265000.0,Renton,10150,15
295000.0,Burien,10005,13
418000.0,Seattle,8610,13
534500.0,Issaquah,4850,20
530000.0,Issaquah,8410,25
357186.0,Issaquah,2250,11
300000.0,Seattle,8295,18
304000.0,Renton,10560,58
385000.0,Seattle,5770,41
415000.0,Seattle,4770,102
963000.0,Bellevue,9883,18
309212.0,North Bend,10750,11
235000.0,Seattle,2685,26
667000.0,Seattle,9820,42
470000.0,Bellevue,9510,69
375000.0,Seattle,4240,37
410000.0,Kirkland,11161,72
566000.0,Sammamish,9907,25
680000.0,Redmond,7450,15
332000.0,Seattle,3600,37
902000.0,Kirkland,11537,22
500000.0,Mercer Island,12340,78
825000.0,Bellevue,12610,52
1095000.0,Seattle,11930,67
277000.0,Seattle,9636,24
545000.0,Kirkland,11715,50
435000.0,Duvall,11821,22
638000.0,Redmond,5710,20
418000.0,Bellevue,11800,32
499000.0,Redmond,14075,57
150000.0,Burien,9286,40
632500.0,Redmond,9736,22
660000.0,Seattle,4614,20
862000.0,Woodinville,17755,16
524000.0,Seattle,3120,19
470000.0,Seattle,8483,21
385000.0,Vashon,11502,25
575000.0,Issaquah,11723,40
220000.0,Federal Way,12066,37
460000.0,Seattle,2990,40
175000.0,Auburn,8520,12
465000.0,Burien,10170,59
552000.0,Seattle,3420,36
518000.0,Redmond,9240,33
899950.0,Kirkland,8704,19
373000.0,Seattle,7490,32
385000.0,Maple Valley,8014,19
245000.0,Seattle,6080,23
375000.0,Bothell,8400,80
699850.0,Sammamish,8854,23
450000.0,Seattle,15330,77
455000.0,Redmond,13506,11
378000.0,Seattle,10775,24
220000.0,Tukwila,9408,24
285500.0,Federal Way,9910,58
340000.0,Seattle,2386,22
921000.0,Bellevue,11716,46
335000.0,Seattle,8040,25
850000.0,Kirkland,11229,22
429000.0,Renton,6840,16
523950.0,Seattle,2702,19
798800.0,Renton,6408,102
284000.0,Kent,7888,16
852880.0,Sammamish,9634,11
320000.0,Seattle,2600,20
749995.0,Bothell,13300,11
468500.0,Seattle,2536,18
492500.0,Duvall,12532,19
685000.0,Seattle,7477,17
542525.0,Renton,8250,11
435000.0,Seattle,4654,18
242000.0,Kent,8804,37
325000.0,Federal Way,9701,25
837700.0,Redmond,15621,31
210000.0,Seattle,8059,31
187500.0,Federal Way,8180,48
560000.0,Seattle,10810,32
272000.0,Auburn,8856,36
235000.0,Auburn,8470,57
259000.0,Kent,7779,39
866059.0,Bellevue,7927,11
473000.0,Seattle,6000,36
405000.0,Lake Forest Park,9280,28
870000.0,Seattle,7897,29
475000.0,Seattle,8030,40
386000.0,Snoqualmie,4816,17
605500.0,Woodinville,9366,36
536000.0,Issaquah,7938,34
247200.0,Covington,10089,43
250000.0,Kirkland,2448,16
204950.0,Federal Way,11084,47
430000.0,Issaquah,10730,47
250000.0,Maple Valley,9900,19
260000.0,Tukwila,14328,21
547000.0,Seattle,4520,32
379900.0,Seattle,10150,30
738500.0,Redmond,8309,20
545000.0,Redmond,13615,58
342000.0,Seattle,6920,31
170000.0,SeaTac,15707,59
616000.0,Sammamish,15419,16
640000.0,Seattle,6180,31
332000.0,Renton,10936,32
1010000.0,Seattle,4343,19
415000.0,Newcastle,11210,58
1008000.0,Seattle,5710,24
605000.0,Redmond,12770,40
320000.0,Seattle,5920,14
229950.0,Renton,8876,16
255000.0,Kent,9232,25
479000.0,Seattle,2162,22
472000.0,Seattle,2442,15
198000.0,Federal Way,8777,45
440000.0,Kirkland,9850,63
506000.0,Shoreline,9880,21
382500.0,Kent,9289,32
269500.0,Renton,8756,25
560000.0,Seattle,5817,54
479500.0,Snoqualmie,6937,17
402000.0,Kirkland,8825,28
549000.0,Seattle,2333,19
449950.0,Snoqualmie,6281,26
493000.0,Kirkland,20325,50
142500.0,Burien,14740,31
250000.0,Auburn,7294,19
729000.0,Seattle,5420,37
465000.0,Seattle,2855,19
465000.0,Vashon,20765,28
280000.0,Kent,9137,37
675000.0,Seattle,9100,72
667500.0,Seattle,5680,98
809000.0,Bellevue,10310,25
400000.0,Duvall,13406,39
310000.0,Seattle,7870,24
435000.0,Seattle,5030,71
465950.0,Renton,9236,24
253000.0,Seattle,7480,80
330000.0,Auburn,10272,22
554000.0,Seattle,8224,79
350000.0,Seattle,4980,102
294999.0,Kent,11420,31
752000.0,Newcastle,13322,34
451000.0,Issaquah,4985,20
725000.0,Redmond,10135,31
345000.0,Renton,9662,50
206000.0,Auburn,8320,58
580000.0,Bellevue,13575,63
430000.0,Seattle,8180,42
720000.0,Kirkland,14170,25
824000.0,Seattle,7670,25
936000.0,Seattle,15380,73
535000.0,Renton,10271,19
286800.0,Kent,5013,14
350000.0,Seattle,2607,20
345000.0,Shoreline,3909,18
435000.0,Seattle,2468,16
461000.0,Renton,9048,19
770000.0,Redmond,13114,16
322500.0,Maple Valley,8573,31
475000.0,Seattle,10132,21
250275.0,Normandy Park,12024,43
274500.0,Federal Way,10720,56
284950.0,Renton,11713,65
264950.0,Covington,10781,42
242000.0,Maple Valley,9352,39
913000.0,Sammamish,14216,26
555000.0,Seattle,8040,67
711000.0,Mercer Island,12780,40
403500.0,Normandy Park,20900,57
253779.0,SeaTac,11630,13
384400.0,Seattle,3077,17
646000.0,Seattle,7331,49
415000.0,Seattle,6070,11
764000.0,Sammamish,10728,28
507000.0,Auburn,20099,23
545500.0,Seattle,10921,89
450000.0,Seattle,5260,97
264000.0,Kent,9938,45
650000.0,Seattle,5760,22
365000.0,Renton,9355,34
343566.0,Seattle,5300,20
375000.0,Shoreline,8821,28
295000.0,Des Moines,10062,59
325000.0,Renton,9200,48
265000.0,Auburn,9150,17
562000.0,Duvall,17896,29
279950.0,Kent,9321,55
540000.0,Shoreline,10170,62
310000.0,Federal Way,15332,24
190000.0,Seattle,5520,29
440000.0,Snoqualmie,7190,25
230000.0,Renton,10515,21
455000.0,North Bend,15472,12
650000.0,Bellevue,12290,44
192500.0,Tukwila,9660,20
239950.0,Federal Way,8570,47
175000.0,Seattle,6450,94
410000.0,Burien,12470,21
570000.0,Issaquah,9028,29
469000.0,Shoreline,9783,62
559000.0,Seattle,7640,87
240000.0,Seattle,11590,26
574950.0,Issaquah,13160,45
180000.0,Des Moines,8340,14
300000.0,Seattle,5275,25
630000.0,Kenmore,12237,29
507000.0,Redmond,11145,57
287500.0,Federal Way,11570,46
688000.0,Sammamish,19650,16
424000.0,Kirkland,9370,23
400000.0,Seattle,7200,97
620000.0,Issaquah,9593,25
300000.0,Kirkland,8610,54
615000.0,Sammamish,14550,47
206000.0,Tukwila,10687,25
515500.0,Duvall,10620,22
554000.0,Lake Forest Park,13281,24
825000.0,Seattle,13602,12
315000.0,Maple Valley,8098,32
299000.0,Renton,11580,57
650000.0,Bellevue,9434,31
465000.0,Seattle,6310,14
535000.0,Redmond,6200,22
564000.0,Redmond,6190,22
515000.0,Seattle,2779,18
580000.0,Renton,8250,17
309000.0,Seattle,2784,15
536751.0,Snoqualmie,8290,102
415000.0,Renton,7521,15
820000.0,Kirkland,11693,17
485000.0,Seattle,2353,17
482000.0,Seattle,2500,17
535000.0,Kenmore,7205,17
690000.0,Seattle,2968,102
576000.0,Seattle,10940,77
378750.0,Seattle,5160,14
269900.0,Renton,10280,57
210000.0,Auburn,8650,16
429900.0,Renton,11265,25
360000.0,Maple Valley,7500,22
405000.0,Seattle,5637,37
450000.0,Kirkland,12810,20
703000.0,Seattle,7340,17
661000.0,Redmond,10554,19
580000.0,Bellevue,11753,15
464000.0,Seattle,4945,20
945000.0,Seattle,9629,22
659500.0,Bellevue,20982,69
200000.0,Tukwila,9480,13
346150.0,Renton,9340,59
799000.0,Seattle,10500,24
350000.0,Kirkland,10825,104
519000.0,Normandy Park,12764,71
410000.0,Lake Forest Park,11844,63
437000.0,Redmond,5665,20
221000.0,Federal Way,8990,41
506000.0,Seattle,9780,73
395000.0,Issaquah,12330,57
435000.0,Seattle,9375,77
186000.0,Auburn,5660,32
756000.0,Seattle,7760,78
248000.0,Seattle,15590,20
287000.0,SeaTac,12674,92
510000.0,Lake Forest Park,10641,19
249000.0,Kent,9548,66
340000.0,Renton,8592,22
399888.0,Seattle,10075,95
440000.0,Redmond,9910,57
899000.0,Seattle,8370,36
540500.0,Burien,10505,11
385000.0,Kent,13510,25
558000.0,Bellevue,12418,63
450000.0,Renton,10093,22
232500.0,Federal Way,9770,21
436000.0,Seattle,7390,27
240000.0,Des Moines,16480,24
489950.0,Kirkland,9146,16
680000.0,Seattle,4670,41
1068000.0,Newcastle,13928,24
352450.0,Shoreline,7430,80
549000.0,Seattle,4350,35
618250.0,Seattle,5880,94
850000.0,Seattle,6726,14
930000.0,Seattle,12915,23
505000.0,Issaquah,6221,29
275000.0,Federal Way,17541,54
507000.0,Seattle,9321,22
619850.0,Bellevue,11517,53
310000.0,Carnation,10820,45
646000.0,Seattle,6389,17
265000.0,Federal Way,9140,62
475000.0,Seattle,2060,22
600000.0,Kirkland,11470,55
319950.0,Seattle,9261,56
712000.0,Sammamish,9899,22
775000.0,Sammamish,19002,29
390000.0,Kirkland,11840,11
585000.0,Kirkland,13884,24
1027000.0,Bellevue,12930,36
232603.0,Auburn,13211,33
543000.0,Seattle,2189,17
607500.0,Seattle,3142,19
728050.0,Redmond,9095,17
330000.0,Federal Way,9447,14
605000.0,Newcastle,10173,29
441000.0,Kirkland,9190,11
650000.0,Redmond,9627,22
395000.0,Seattle,5500,23
245000.0,Burien,15380,17
905000.0,Mercer Island,17456,28
660000.0,Issaquah,12303,37
378000.0,North Bend,14126,47
600000.0,Seattle,4640,45
632500.0,Sammamish,12396,39
754800.0,Redmond,10551,19
175000.0,Auburn,6150,77
455000.0,Issaquah,6123,40
450000.0,Seattle,4910,13
790000.0,Lake Forest Park,12970,51
480000.0,Seattle,7580,31
850000.0,Seattle,11040,30
380000.0,Seattle,5808,27
979000.0,Bellevue,15833,46
359950.0,Seattle,13552,44
665900.0,Seattle,8323,32
812000.0,Sammamish,11578,24
203000.0,Burien,8306,42
280000.0,Des Moines,9559,25
640000.0,Seattle,6160,95
477000.0,Bothell,9865,49
587206.0,Seattle,3600,26
425000.0,Renton,8152,26
511500.0,Seattle,7360,16
218000.0,Maple Valley,4151,22
332000.0,Burien,9394,11
279000.0,Renton,9900,11
950000.0,Kirkland,14908,25
970500.0,Mercer Island,12595,13
412000.0,Seattle,5220,23
400000.0,Seattle,11435,42
397000.0,North Bend,14037,28
715000.0,Sammamish,9918,22
371000.0,Maple Valley,7320,20
458000.0,Bothell,6883,22
436500.0,Bothell,15539,21
329950.0,Renton,9905,16
950000.0,Des Moines,21942,63
282000.0,Kent,8192,28
250000.0,Seattle,17106,94
681500.0,Bellevue,14960,25
200000.0,Burien,7460,76
995000.0,Bellevue,17401,19
355000.0,Seattle,10305,29
425000.0,Woodinville,11999,14
915000.0,Seattle,6660,22
925000.0,Mercer Island,13577,66
390000.0,Seattle,4910,19
330000.0,Maple Valley,13087,30
482500.0,Seattle,9256,35
525000.0,Seattle,3629,24
237000.0,Renton,9460,24
205000.0,Auburn,8274,65
623000.0,Kirkland,9627,36
565000.0,Renton,8160,102
400000.0,Shoreline,10347,52
405000.0,Sammamish,11460,23
337000.0,Shoreline,10744,33
885000.0,Mercer Island,11612,50
420000.0,Shoreline,12599,36
448000.0,Maple Valley,9363,19
800000.0,Sammamish,10185,22
830000.0,Bellevue,12972,25
725000.0,Seattle,6460,16
780000.0,Seattle,5140,19
325000.0,Seattle,5079,31
488800.0,Bellevue,11835,33
489000.0,Seattle,13599,24
359900.0,Renton,9710,12
625000.0,Seattle,7240,11
339990.0,Auburn,7170,11
775950.0,Redmond,7370,11
420000.0,Renton,5779,102
654000.0,Seattle,3095,20
725000.0,Snoqualmie,12527,24
375000.0,Seattle,3050,77
639500.0,Redmond,11324,39
849000.0,Seattle,8460,97
418000.0,Bellevue,10726,24
442900.0,Seattle,4568,82
750000.0,Seattle,8154,47
930000.0,Redmond,10120,25
565000.0,Seattle,7330,80
874150.0,Kirkland,17936,25
545000.0,Issaquah,8113,16
500000.0,Bellevue,10440,17
687000.0,Kirkland,12453,59
810000.0,Bellevue,13423,36
732600.0,Bellevue,9430,62
374000.0,Renton,8840,22
330000.0,SeaTac,15930,26
290900.0,Tukwila,19210,42
577000.0,Seattle,7810,49
280000.0,North Bend,4010,57
675000.0,Sammamish,13930,43
800000.0,Mercer Island,14204,53
299995.0,Shoreline,8260,26
440000.0,Kirkland,8767,16
249500.0,Covington,10145,62
235000.0,Renton,12270,57
320000.0,Auburn,9697,19
350000.0,Renton,12369,17
334000.0,Kirkland,10510,11
235000.0,Federal Way,10136,45
442000.0,Renton,9773,16
264000.0,Federal Way,9242,59
275000.0,Shoreline,7732,40
430000.0,Seattle,5575,40
550000.0,Bellevue,5155,25
775000.0,Seattle,8458,26
603500.0,Bellevue,11060,63
449000.0,Seattle,6890,12
420000.0,Seattle,6229,26
735000.0,Seattle,7372,71
200000.0,Covington,10690,57
286000.0,Seattle,1850,17
579000.0,Seattle,2909,16
345100.0,Seattle,10575,36
350000.0,Shoreline,11810,25
291500.0,Shoreline,10118,79
649950.0,Seattle,2875,11
500000.0,Seattle,6250,20
362300.0,Kent,17694,28
324000.0,Renton,9318,50
495000.0,Burien,15146,51
233500.0,Kent,4608,40
479000.0,Woodinville,13429,25
322200.0,Covington,21010,50
347000.0,Bothell,9670,20
725000.0,Kirkland,10223,63
345950.0,Kent,6228,36
550000.0,Redmond,9926,61
399950.0,Seattle,6783,24
269500.0,Kent,9252,33
494000.0,Shoreline,9175,52
453000.0,Bellevue,9540,69
442500.0,Kirkland,11880,21
235000.0,Tukwila,10341,22
389800.0,Lake Forest Park,14701,36
346000.0,Burien,9370,20
360000.0,Seattle,8137,72
650000.0,Issaquah,9751,16
290000.0,Shoreline,9295,67
234000.0,Seattle,11970,29
275000.0,Shoreline,7080,73
375000.0,Renton,9341,16
470000.0,Renton,10371,33
490000.0,Seattle,3970,41
615000.0,Seattle,6310,99
249000.0,Kent,20204,15
396500.0,Seattle,9539,20
560000.0,Newcastle,14436,36
459950.0,Bothell,8107,22
265000.0,Seattle,11070,71
502000.0,Bellevue,11012,21
430000.0,Sammamish,14031,12
525000.0,Seattle,4580,14
415000.0,Seattle,10688,20
600000.0,Sammamish,12413,25
225000.0,Federal Way,10400,58
300000.0,Covington,7089,17
491234.0,Issaquah,3400,11
905000.0,Issaquah,11101,19
199950.0,Des Moines,10490,66
450000.0,Seattle,6493,43
899000.0,Yarrow Point,8458,40
385000.0,Seattle,3307,18
326000.0,Woodinville,10864,15
335000.0,Seattle,5820,42
300000.0,Kent,7390,22
269950.0,Kent,10940,48
590000.0,Bellevue,11095,59
750000.0,Seattle,6820,27
239950.0,Covington,10830,41
215000.0,SeaTac,9845,94
165000.0,Tukwila,14300,23
261350.0,Federal Way,19590,63
569000.0,Seattle,5614,69
800000.0,Seattle,8415,20
337000.0,Renton,14060,32
560000.0,Sammamish,10289,16
449500.0,Kirkland,9060,23
660000.0,Seattle,4830,25
685000.0,Seattle,2976,23
905000.0,Bellevue,13655,29
403500.0,Seattle,9834,13
405000.0,Seattle,2765,22
285000.0,Kent,7923,22
249900.0,Covington,8048,35
633634.0,Snoqualmie,8960,11
329900.0,Auburn,7237,14
310000.0,Kent,7315,19
345000.0,Seattle,2612,17
562500.0,Seattle,2207,19
664950.0,Seattle,10271,102
515000.0,Seattle,7937,102
497000.0,Issaquah,5447,20
312891.0,Federal Way,10514,102
670000.0,Seattle,8610,17
362500.0,Seattle,2708,16
402101.0,Seattle,2370,16
438000.0,Seattle,7900,31
687500.0,Seattle,7330,96
160000.0,Des Moines,10610,63
415000.0,Redmond,9070,21
405000.0,Federal Way,15920,30
880000.0,Seattle,6871,20
640000.0,Redmond,11935,28
367500.0,Woodinville,13443,25
762500.0,Mercer Island,11370,25
300000.0,Shoreline,9157,20
530000.0,Seattle,5260,31
615000.0,Seattle,6270,27
380000.0,Enumclaw,17419,62
324950.0,Burien,10170,20
225000.0,Federal Way,14432,28
535000.0,Sammamish,6202,26
348500.0,Renton,12086,59
725000.0,Bellevue,20945,39
549000.0,Vashon,15426,78
400000.0,Sammamish,12643,41
665000.0,Seattle,11186,64
349950.0,Renton,7379,36
339000.0,Seattle,7550,37
615000.0,Seattle,5800,101
751000.0,Redmond,12661,22
941000.0,Seattle,6145,99
600000.0,Bellevue,9440,57
455000.0,Renton,7452,20
485000.0,Seattle,6912,105
339000.0,Seattle,5228,43
258000.0,Des Moines,8925,15
455000.0,Seattle,2459,102
437000.0,Redmond,10395,45
689000.0,Bellevue,12040,47
319000.0,Kent,10502,47
510000.0,Seattle,2729,19
440000.0,Normandy Park,11900,24
304000.0,Shoreline,9764,42
139000.0,Renton,5970,43
464500.0,Bellevue,11616,66
336500.0,Shoreline,8764,17
230000.0,Seattle,7850,81
425000.0,Issaquah,6430,16
300000.0,Seattle,5870,27
457500.0,Seattle,3433,29
366000.0,Renton,13280,48
502000.0,Bellevue,15650,12
194000.0,Federal Way,8627,16
305000.0,Kent,11581,57
343500.0,Seattle,7964,42
325000.0,Shoreline,7756,31
600000.0,Lake Forest Park,19620,30
420000.0,Issaquah,5961,20
257500.0,Seattle,10445,29
317000.0,Seattle,13735,63
970000.0,Seattle,13010,95
252000.0,Kent,9551,48
683500.0,Seattle,7576,79
289000.0,Auburn,11577,25
355000.0,Seattle,1677,18
675000.0,Redmond,7911,22
396500.0,Kent,21570,33
362500.0,Issaquah,9900,13
395000.0,Seattle,6660,82
218000.0,Seattle,19085,80
589950.0,Maple Valley,11385,19
218000.0,Federal Way,8930,57
360000.0,Shoreline,8700,25
350000.0,Seattle,8420,103
350000.0,Auburn,8166,22
845000.0,Seattle,7290,95
850000.0,Seattle,7330,21
329950.0,Seattle,6120,69
425000.0,Seattle,7780,79
210000.0,Seattle,6470,24
631500.0,Seattle,3770,98
295000.0,Seattle,6050,20
575000.0,Seattle,7400,32
415000.0,Duvall,8311,14
859000.0,Bellevue,17450,15
329445.0,Seattle,1949,20
745641.0,Redmond,7290,102
395000.0,Seattle,3536,18
890000.0,Seattle,6550,15
400000.0,Shoreline,9688,63
365500.0,Woodinville,11010,42
245000.0,Kent,7170,40
390000.0,Kent,10888,32
196500.0,Auburn,10320,62
276900.0,Renton,8836,53
505000.0,Issaquah,9920,38
352000.0,Seattle,10420,23
597326.0,Mercer Island,11820,102
800000.0,Seattle,7459,20
270000.0,Covington,10034,35
235000.0,Auburn,10985,41
409900.0,Kirkland,3435,28
739900.0,Redmond,8357,19
608000.0,Redmond,7426,24
381500.0,Seattle,3810,69
562100.0,Seattle,5140,29
740000.0,Issaquah,13392,30
308000.0,Seattle,19784,26
905000.0,Bellevue,13300,11
762000.0,Snoqualmie,19253,18
418800.0,Kenmore,12084,52
276000.0,Auburn,13710,66
725000.0,Redmond,10120,29
285000.0,Maple Valley,7837,30
205000.0,Kent,9548,21
583000.0,Sammamish,9934,36
657000.0,Seattle,5555,32
386000.0,Des Moines,11633,32
575000.0,Seattle,5033,14
574000.0,Snoqualmie,9212,23
565000.0,Issaquah,5678,20
500000.0,Seattle,5940,29
286000.0,North Bend,4255,95
450000.0,Lake Forest Park,14070,20
725000.0,Redmond,7660,25
275000.0,Seattle,5610,98
645000.0,Seattle,18810,42
152000.0,Auburn,4354,56
700000.0,Sammamish,8456,22
233000.0,Shoreline,7430,20
249000.0,Kent,7966,16
310000.0,Seattle,6270,18
265950.0,Seattle,9600,26
860000.0,Seattle,14148,57
200000.0,Auburn,5950,87
402000.0,Seattle,5672,99
305000.0,Seattle,10140,61
505000.0,Kirkland,12335,50
482000.0,Snoqualmie,9727,19
299950.0,Federal Way,9440,47
770000.0,Sammamish,16335,28
245700.0,Kent,10040,28
283000.0,Renton,9290,46
650000.0,Seattle,18442,24
530000.0,Bellevue,10050,22
440000.0,Burien,19130,42
599990.0,Issaquah,11842,47
544000.0,Issaquah,6004,31
270000.0,Seattle,10458,22
435000.0,Seattle,4096,82
349000.0,Shoreline,9194,37
320000.0,Maple Valley,12051,28
804100.0,Newcastle,11156,20
594000.0,Seattle,2676,11
1150000.0,Sammamish,20925,46
374500.0,Kenmore,12800,41
450000.0,Seattle,7960,13
744500.0,Bellevue,19270,58
913888.0,Bellevue,17882,44
760000.0,Seattle,8760,83
346500.0,Seattle,7910,31
280000.0,Renton,9480,62
557500.0,Bellevue,13065,66
260000.0,Des Moines,9764,20
640000.0,Seattle,7620,78
280000.0,Auburn,7398,31
205000.0,Federal Way,9980,32
957000.0,Seattle,8160,20
680000.0,Seattle,8080,71
150000.0,Burien,8990,26
255950.0,Kent,5396,33
246500.0,Maple Valley,9306,36
450000.0,Seattle,5770,94
595888.0,Seattle,10870,67
299900.0,Shoreline,9703,11
200000.0,Auburn,8023,30
346500.0,Seattle,12952,67
585000.0,Kirkland,9715,12
383000.0,Woodinville,14930,21
410000.0,Newcastle,8950,57
578000.0,Issaquah,7485,29
395000.0,Seattle,2843,18
364000.0,Seattle,4590,14
328423.0,Seattle,5330,11
594000.0,Kenmore,7333,20
425000.0,Seattle,4587,16
260000.0,Pacific,9785,18
563500.0,Seattle,2712,18
975000.0,Seattle,8097,16
518500.0,Seattle,2692,15
1050000.0,Bellevue,11282,18
350000.0,Renton,18070,38
826000.0,Issaquah,10200,19
225000.0,Burien,13175,80
235867.0,Renton,7256,43
399000.0,Covington,8060,24
177500.0,Renton,7220,28
224000.0,Auburn,10889,66
302000.0,Renton,19194,28
760000.0,Mercer Island,15944,66
460000.0,Kirkland,10220,15
415000.0,Seattle,7870,25
669000.0,Burien,12716,73
254600.0,Auburn,21470,57
357250.0,Seattle,10240,73
725000.0,Seattle,8110,104
670000.0,Seattle,5890,35
440000.0,Seattle,7520,13
320000.0,Seattle,6266,31
310000.0,Covington,7929,23
772650.0,Bellevue,13460,11
669950.0,Sammamish,14547,29
690000.0,Seattle,10318,32
300000.0,Renton,12175,14
225500.0,Auburn,12866,53
775000.0,Bellevue,17650,33
805000.0,Seattle,8475,96
252750.0,Burien,8640,81
254000.0,Auburn,18197,66
620000.0,Snoqualmie,10475,22
435000.0,Bothell,10861,22
460000.0,Lake Forest Park,21567,24
268000.0,Kent,8334,34
446000.0,Seattle,2591,17
285000.0,Lake Forest Park,8210,50
402000.0,Seattle,3095,41
358000.0,Snoqualmie,14947,58
354950.0,Federal Way,9880,48
405000.0,Renton,6872,24
315000.0,Kent,12140,48
280927.0,Kent,9420,48
440000.0,Lake Forest Park,9986,33
270000.0,Seattle,12500,32
755000.0,Seattle,6880,25
289659.0,Kent,9460,41
555000.0,Maple Valley,10570,22
495000.0,Sammamish,13227,16
580000.0,Redmond,8695,50
560000.0,Kenmore,18840,66
1080000.0,Bellevue,9257,17
450000.0,Seattle,4180,31
815000.0,Mercer Island,14259,57
354000.0,Kent,8056,20
279900.0,Federal Way,8200,25
339000.0,Seattle,8904,27
815000.0,Seattle,7363,40
638000.0,Seattle,5389,69
475580.0,Sammamish,12605,16
600000.0,Snoqualmie,11256,22
750000.0,Seattle,6830,20
626000.0,Seattle,7430,80
230000.0,SeaTac,11006,69
537000.0,Lake Forest Park,9889,37
210000.0,Burien,8760,23
200500.0,Kent,10606,62
253500.0,Federal Way,14024,46
150000.0,Auburn,10922,22
440000.0,Seattle,8410,40
660000.0,Bellevue,10832,16
695000.0,Bellevue,14653,32
440000.0,Renton,9776,36
220000.0,Auburn,17260,12
900000.0,Seattle,8370,17
800000.0,Woodinville,19799,16
365000.0,Burien,21280,14
451000.0,Kirkland,11755,14
202000.0,Burien,8489,42
471000.0,Seattle,7657,69
827000.0,Bellevue,15330,21
235000.0,Des Moines,12083,11
216500.0,Des Moines,5872,45
359000.0,Burien,8594,42
252500.0,Federal Way,9902,34
370000.0,Kenmore,16880,24
663000.0,Seattle,5356,55
971971.0,Renton,10198,102
330675.0,Duvall,4961,19
240000.0,Seattle,3371,92
782900.0,Issaquah,6958,11
525000.0,Renton,9655,14
429900.0,Duvall,7723,16
390000.0,Seattle,2283,19
224000.0,Black Diamond,13468,11
257500.0,Federal Way,8534,30
665000.0,Seattle,4310,23
327000.0,Auburn,10450,19
687500.0,Sammamish,14160,31
672500.0,Seattle,7700,36
140000.0,Des Moines,8533,36
215500.0,Auburn,16820,23
464900.0,Kirkland,10444,46
417000.0,Seattle,10000,36
700000.0,Seattle,3205,23
259500.0,SeaTac,13999,25
561500.0,Seattle,8340,36
330000.0,Kent,9790,47
447000.0,Seattle,9700,72
320000.0,Maple Valley,7435,20
212700.0,Seattle,5980,22
260000.0,Seattle,5500,17
355000.0,Maple Valley,9757,29
275500.0,Shoreline,12120,74
415000.0,Renton,11354,58
279000.0,Kent,9580,40
350000.0,Renton,16652,57
355000.0,Kenmore,12168,40
750000.0,Sammamish,14787,41
235000.0,Enumclaw,7700,19
209950.0,Federal Way,10553,58
230000.0,Covington,10610,56
430000.0,Seattle,3620,98
661500.0,Redmond,9700,48
738000.0,Redmond,7526,19
221000.0,Seattle,9699,62
255000.0,Auburn,7914,19
300000.0,Kenmore,10501,24
500000.0,Seattle,8540,11
315000.0,Seattle,7360,32
415000.0,Seattle,2596,25
394000.0,Maple Valley,12793,23
490000.0,Snoqualmie,7578,25
523460.0,Seattle,6890,11
550000.0,Auburn,20347,19
342000.0,Renton,12189,12
560000.0,Renton,9293,22
1050000.0,Issaquah,18223,22
1020000.0,Seattle,6470,20
399950.0,Kent,13001,36
410000.0,Burien,21710,42
469900.0,Renton,11903,34
397000.0,Seattle,7927,81
718500.0,Seattle,7440,17
195000.0,Seattle,9120,29
285000.0,Shoreline,9065,77
235000.0,Renton,10662,13
234000.0,Kent,19390,12
504200.0,Seattle,2887,17
710000.0,Redmond,6593,22
589500.0,Seattle,5385,20
735000.0,Seattle,2702,14
427000.0,Federal Way,11823,20
982000.0,Kirkland,12190,11
459000.0,Burien,12530,102
483453.0,North Bend,8317,11
246950.0,Enumclaw,6110,11
235000.0,Seattle,2626,18
288790.0,Issaquah,2292,17
229800.0,Seattle,2883,11
516500.0,Seattle,1738,11
234000.0,Duvall,9168,16
230000.0,Maple Valley,5286,45
300000.0,Shoreline,9869,27
470000.0,Seattle,6500,98
339900.0,Newcastle,10287,56
585000.0,Seattle,19447,105
699900.0,Bellevue,13690,53
475000.0,Seattle,10800,19
314500.0,Maple Valley,19055,47
397000.0,Seattle,2635,18
345000.0,Carnation,16615,39
325000.0,Seattle,8352,34
265000.0,Renton,9450,68
402000.0,Kent,18490,51
780000.0,Redmond,10548,20
250000.0,Des Moines,10660,32
935000.0,Bellevue,3847,51
300000.0,Shoreline,9113,13
419000.0,Redmond,6490,19
410000.0,Seattle,6760,77
461000.0,Kirkland,12266,77
385000.0,Kirkland,8330,28
669500.0,Seattle,6546,24
491950.0,Seattle,12823,21
560000.0,Lake Forest Park,17072,12
370000.0,Shoreline,8661,43
100000.0,Burien,8553,83
289950.0,Burien,10344,88
263000.0,Maple Valley,9510,40
397500.0,Maple Valley,10429,33
245000.0,Kent,15497,29
535000.0,Seattle,7880,23
449000.0,Maple Valley,8991,20
490000.0,Seattle,5827,22
345000.0,Seattle,6720,67
327500.0,Kent,9510,16
436500.0,Renton,13463,37
550000.0,Redmond,11320,58
441000.0,Seattle,4590,24
406500.0,Seattle,6620,37
243000.0,Kenmore,2826,16
359500.0,Auburn,12456,32
408000.0,Seattle,9409,11
480000.0,Kenmore,12104,12
875000.0,Seattle,5045,96
308000.0,Seattle,9810,46
880000.0,Seattle,7612,94
491500.0,Issaquah,5792,40
515000.0,Kenmore,7106,22
255000.0,Seattle,11287,24
635000.0,Kirkland,7357,20
850000.0,Seattle,5037,46
265000.0,Seattle,12716,17
349810.0,Shoreline,9815,53
972000.0,Seattle,8310,88
330000.0,Kent,14124,28
500000.0,Renton,18768,11
544000.0,Seattle,3073,18
439000.0,Renton,11084,19
530000.0,Sammamish,17066,12
427500.0,Seattle,2024,17
337000.0,Covington,8200,23
1095000.0,Kirkland,12473,30
765000.0,Seattle,8570,25
492650.0,Shoreline,11906,14
383962.0,Tukwila,9698,24
950000.0,Issaquah,11350,18
457000.0,Seattle,2550,17
882566.0,Redmond,8825,11
963000.0,Kirkland,12119,18
345000.0,Maple Valley,7280,19
314500.0,Federal Way,15353,32
349500.0,Seattle,4870,17
165050.0,Enumclaw,9714,36
580000.0,Bellevue,13200,47
330000.0,Seattle,12992,36
875000.0,Sammamish,12119,24
500000.0,Seattle,5450,22
274900.0,Kent,8570,25
219950.0,Covington,10930,58
691500.0,Seattle,9800,23
459500.0,Seattle,5075,96
955500.0,Seattle,7210,32
328950.0,Kent,11526,47
307000.0,North Bend,7150,14
382500.0,Issaquah,10040,58
1150000.0,Kirkland,13762,29
478000.0,Issaquah,5536,31
260000.0,Shoreline,8676,77
616000.0,Seattle,7546,25
540000.0,Sammamish,11630,41
300000.0,Duvall,6788,24
507500.0,Redmond,11584,21
241000.0,Auburn,8770,39
548000.0,Newcastle,13445,31
345000.0,Seattle,8855,20
280000.0,Renton,11800,63
450000.0,Kenmore,15175,17
515000.0,Kenmore,9210,31
1014250.0,Bellevue,14495,105
739900.0,Sammamish,8319,22
600000.0,Bothell,17388,16
370000.0,Seattle,6910,17
729032.0,Bellevue,15706,48
510000.0,Black Diamond,8770,47
425000.0,Redmond,20463,25
1080000.0,Seattle,11106,15
337000.0,Seattle,2401,19
563000.0,Seattle,4786,41
590000.0,Seattle,7823,37
695000.0,Seattle,6580,69
402500.0,Seattle,3080,79
435000.0,Duvall,15976,32
300000.0,Federal Way,11710,25
600000.0,Seattle,10761,13
205000.0,Covington,9409,12
357500.0,Maple Valley,7180,22
1110000.0,Seattle,7350,28
332888.0,Seattle,2079,18
174000.0,Pacific,14431,11
485000.0,Seattle,5526,20
217500.0,Federal Way,10946,41
820000.0,Bellevue,12630,36
102500.0,Seattle,5140,26
925000.0,Snoqualmie,17827,24
540000.0,Redmond,12320,57
600000.0,Seattle,2912,20
406000.0,Seattle,10055,97
620000.0,Seattle,8455,40
1060000.0,Sammamish,20585,16
401000.0,Sammamish,12412,41
725000.0,Seattle,7860,66
276000.0,Seattle,2171,102
500000.0,Issaquah,15217,50
260000.0,Kent,11600,24
431000.0,Renton,8387,24
321000.0,Maple Valley,11431,22
433000.0,Seattle,6603,62
920000.0,Redmond,14746,20
712000.0,Redmond,6469,23
505000.0,Bellevue,11978,63
452000.0,Redmond,10122,59
581000.0,Seattle,4196,25
808000.0,Bellevue,11366,38
476000.0,Seattle,9775,12
535000.0,Seattle,6420,80
629800.0,Issaquah,4374,17
417838.0,Maple Valley,7578,11
399895.0,Auburn,7201,11
825000.0,Redmond,10627,22
300000.0,Auburn,6129,19
640000.0,Seattle,2505,18
460000.0,Seattle,2503,17
499990.0,North Bend,9244,102
1020000.0,Kirkland,12271,17
675000.0,Bellevue,13200,40
512031.0,Seattle,4540,46
310000.0,Seattle,3700,51
1075000.0,Seattle,13582,11
255000.0,Seattle,11390,13
435000.0,Bothell,9884,32
453000.0,Kirkland,16710,16
260000.0,Kent,9612,50
659000.0,Mercer Island,12890,26
223000.0,Kent,8341,34
851000.0,Bellevue,13552,41
605000.0,Redmond,14214,52
895000.0,Seattle,7900,13
519000.0,Normandy Park,15624,33
535000.0,Woodinville,14471,16
489000.0,SeaTac,14075,43
250000.0,Burien,9658,32
580000.0,Seattle,5860,15
1038000.0,Bellevue,14736,58
599950.0,Redmond,5580,17
480000.0,Seattle,11522,69
329950.0,Maple Valley,6678,23
345000.0,Kent,9444,23
175000.0,Des Moines,7780,34
185000.0,Seattle,8290,26
690000.0,Seattle,5760,17
265000.0,Shoreline,10110,77
720000.0,Bothell,15877,35
256000.0,Des Moines,7837,23
255000.0,Auburn,4859,23
540000.0,Seattle,3120,31
481015.0,Kirkland,7061,25
575000.0,Issaquah,11305,51
475000.0,Shoreline,9300,62
732000.0,Seattle,9187,48
860000.0,Seattle,5600,101
389000.0,Seattle,10100,98
645000.0,Seattle,13742,69
475000.0,Kirkland,7294,44
550000.0,Seattle,7165,25
305000.0,Tukwila,15120,28
782000.0,Seattle,5170,35
545000.0,Seattle,8540,102
394500.0,Kent,9044,22
600000.0,Redmond,11262,60
300000.0,Shoreline,12929,13
330000.0,Kent,8198,22
723000.0,Seattle,7178,71
480000.0,Snoqualmie,9897,19
496000.0,Seattle,10160,79
625000.0,Seattle,3461,19
475000.0,Seattle,15568,63
275250.0,Maple Valley,8719,33
253000.0,Kent,8438,45
630000.0,Kirkland,12070,46
262000.0,Seattle,9670,22
552000.0,Bellevue,11740,47
736000.0,Seattle,5500,92
355000.0,Shoreline,9146,20
305000.0,Renton,9004,22
484998.0,Issaquah,3410,11
1054690.0,Seattle,7369,11
334500.0,Seattle,2688,20
475000.0,North Bend,8798,102
309780.0,Auburn,6742,11
795000.0,Bellevue,10688,20
274500.0,Maple Valley,5500,15
265050.0,Seattle,2919,17
567500.0,Issaquah,4782,19
285000.0,Auburn,8570,30
445838.0,Seattle,7942,25
304900.0,Kent,13925,56
940000.0,Mercer Island,12015,57
1127000.0,Kirkland,11441,30
290000.0,Renton,12690,14
250000.0,Auburn,10638,66
342000.0,Kent,8748,24
1012000.0,Bellevue,19243,36
400000.0,Shoreline,9430,62
312500.0,Renton,9799,17
267000.0,Tukwila,12615,63
575000.0,Seattle,8273,20
810000.0,Bellevue,10561,46
850000.0,Seattle,8230,80
1015000.0,Seattle,7620,20
240000.0,Burien,10320,13
198000.0,Auburn,9280,59
565000.0,Redmond,10854,56
340000.0,Shoreline,9485,21
815000.0,Kirkland,7353,23
588000.0,Seattle,7090,85
280500.0,Auburn,8852,28
509000.0,Bellevue,5451,36
490600.0,Federal Way,14763,39
650000.0,Mercer Island,5880,65
715000.0,Seattle,4330,28
529950.0,Seattle,6240,37
265000.0,Renton,9630,66
610000.0,Bellevue,15718,20
554729.0,Seattle,6370,82
395000.0,Burien,12293,31
341000.0,Seattle,6204,37
264500.0,Federal Way,13445,63
640000.0,Bellevue,12095,36
430000.0,Seattle,6890,21
410000.0,Kirkland,10700,53
220000.0,Seattle,7200,27
405500.0,Seattle,2602,19
633000.0,Seattle,12360,21
295950.0,Shoreline,7390,31
605000.0,Bellevue,13586,11
255000.0,Seattle,2518,30
474000.0,Redmond,9530,47
370000.0,Seattle,5900,24
288000.0,Maple Valley,5113,22
100000.0,Kent,5900,36
1150000.0,Kirkland,12501,25
600000.0,Redmond,16899,50
515000.0,Bothell,12369,48
345000.0,Burien,7563,26
850000.0,Mercer Island,11270,21
439990.0,Seattle,3278,20
554950.0,Renton,13204,19
605000.0,Snoqualmie,9015,24
609000.0,Seattle,3156,11
425000.0,Seattle,2422,18
399900.0,Issaquah,2415,14
1025000.0,Renton,15230,17
519995.0,Renton,8750,11
625000.0,Kirkland,8500,65
600000.0,Issaquah,9929,22
671000.0,Seattle,8830,72
459500.0,Seattle,6420,41
499000.0,Seattle,2866,30
395000.0,Kirkland,9180,50
861990.0,Redmond,9234,11
382500.0,Seattle,5630,12
747500.0,Kenmore,20950,48
199990.0,Federal Way,9660,21
548800.0,Seattle,6364,28
445000.0,Seattle,3740,40
300000.0,Renton,13000,13
480000.0,Bellevue,10770,66
300000.0,Seattle,6090,91
527000.0,Seattle,11401,11
875000.0,Bellevue,14506,73
266000.0,Federal Way,9097,44
866000.0,Redmond,13776,22
335950.0,Seattle,5992,74
215000.0,Federal Way,10523,58
481000.0,Renton,10555,23
320000.0,Kenmore,13866,20
295000.0,Enumclaw,9440,40
320000.0,Woodinville,11696,56
780000.0,Seattle,7400,72
437500.0,Seattle,6290,40
575000.0,Sammamish,8537,16
245000.0,Seattle,8185,22
450000.0,Kenmore,14783,32
536000.0,Seattle,1876,16
685000.0,Redmond,13100,45
373000.0,Shoreline,9510,24
450000.0,Redmond,9874,54
645000.0,Sammamish,21343,40
230000.0,Renton,7390,20
593000.0,Issaquah,3680,14
538250.0,Des Moines,17819,41
475000.0,Kirkland,10560,48
209950.0,Auburn,8480,57
410000.0,Sammamish,20656,36
821000.0,Mercer Island,11236,58
665000.0,Kirkland,20588,62
339000.0,Snoqualmie,5198,22
570000.0,Seattle,4448,101
437000.0,Woodinville,19788,58
542500.0,Redmond,12126,25
229500.0,Auburn,7230,58
170500.0,Renton,8760,12
391500.0,North Bend,11545,32
296475.0,Maple Valley,5690,22
328000.0,Auburn,10154,19
300000.0,Kent,7285,18
500000.0,Seattle,4732,14
494815.0,Issaquah,4001,11
378000.0,Seattle,4092,18
505000.0,Seattle,2269,19
680000.0,Issaquah,6250,20
351999.0,Maple Valley,6570,11
510000.0,Seattle,2657,11
374000.0,Seattle,2835,24
509900.0,Renton,12083,16
230000.0,Seattle,2341,11
527700.0,Bellevue,12195,57
438000.0,Seattle,2642,25
900000.0,Sammamish,15780,25
1131000.0,Normandy Park,16581,19
439000.0,Bothell,12073,45
315000.0,Seattle,3754,40
765000.0,Sammamish,10231,22
332000.0,Auburn,17035,11
190000.0,Federal Way,11485,57
370000.0,North Bend,18387,43
479000.0,Bellevue,15090,16
245000.0,Federal Way,8990,47
542000.0,Redmond,9100,11
557500.0,Redmond,11490,41
480000.0,Seattle,4100,14
330000.0,Seattle,6280,32
160000.0,SeaTac,10050,26
695500.0,Redmond,11690,50
235500.0,Federal Way,16053,58
326500.0,Seattle,8980,57
300000.0,Kent,10265,19
267000.0,Seattle,9500,81
292600.0,Renton,8643,66
362000.0,Seattle,4810,19
1087500.0,Mercer Island,13700,28
357562.0,Issaquah,2242,11
513000.0,Issaquah,6402,33
336000.0,Renton,12920,15
560000.0,Kirkland,11750,28
410000.0,Shoreline,9343,12
371500.0,Seattle,8050,46
368000.0,Seattle,14042,25
308950.0,Enumclaw,10482,31
630000.0,Issaquah,5797,20
228950.0,Federal Way,10285,57
245000.0,Kent,4388,33
410000.0,Maple Valley,6580,19
427550.0,Seattle,4880,29
235000.0,Seattle,8940,56
210000.0,Seattle,10340,27
485000.0,Seattle,9100,21
410000.0,Seattle,7320,105
435000.0,Seattle,11870,19
300000.0,Bellevue,8464,13
455000.0,Normandy Park,9440,23
210000.0,Seattle,9249,27
1050000.0,Seattle,5683,12
458400.0,Shoreline,12210,57
390000.0,Woodinville,17732,58
148226.0,Auburn,8760,57
711600.0,Bellevue,12896,34
819000.0,Federal Way,16567,40
613000.0,Seattle,3060,98
592350.0,Redmond,6235,19
232000.0,Auburn,16460,62
250000.0,Milton,11540,42
115000.0,Auburn,10962,63
585000.0,Renton,8815,26
580000.0,Issaquah,7920,25
430000.0,Seattle,7589,83
383000.0,North Bend,17090,21
201500.0,Seattle,6320,31
325000.0,Seattle,8060,72
375000.0,Woodinville,11333,49
600000.0,Kirkland,13620,34
340000.0,Auburn,15210,28
890000.0,Seattle,6330,46
415000.0,Newcastle,9620,55
255000.0,Black Diamond,11270,49
530000.0,Bellevue,2564,50
468000.0,Newcastle,11678,63
970000.0,Seattle,8540,18
599000.0,Redmond,17240,25
399500.0,Seattle,6200,97
325000.0,Seattle,4890,27
568000.0,Burien,20266,24
517000.0,Seattle,5328,36
469950.0,Duvall,16708,28
623000.0,Mercer Island,18363,52
720000.0,Bellevue,10810,60
205000.0,Federal Way,9420,58
148000.0,Seattle,4830,28
950000.0,Seattle,11280,27
405000.0,Seattle,8693,72
293000.0,Kent,5391,16
550000.0,Issaquah,6072,20
435000.0,Renton,5293,15
355000.0,Maple Valley,8470,20
449990.0,North Bend,8219,102
249000.0,Kirkland,3776,43
760005.0,Sammamish,8949,15
674600.0,Seattle,7750,19
812000.0,Issaquah,7004,18
333490.0,Auburn,6166,11
320000.0,Seattle,2837,102
999000.0,Kirkland,13979,102
810000.0,Redmond,11272,18
399950.0,Seattle,7370,39
550000.0,Seattle,6136,96
290000.0,Federal Way,17904,66
232500.0,Federal Way,11827,56
565000.0,Woodinville,9894,16
749950.0,Shoreline,21610,30
989000.0,Sammamish,17504,25
463000.0,Kirkland,8640,51
310000.0,Des Moines,11368,17
284000.0,Seattle,10680,13
737500.0,Seattle,13220,51
569000.0,Seattle,10447,96
660000.0,Seattle,4740,98
275000.0,Tukwila,10456,81
570000.0,Renton,10015,22
356000.0,Snoqualmie,5001,25
610000.0,Redmond,8457,24
498800.0,Redmond,5964,17
226550.0,Seattle,5430,23
692500.0,Snoqualmie,11694,26
250000.0,Des Moines,9052,24
660000.0,Sammamish,7053,23
295000.0,Shoreline,7300,42
154950.0,Auburn,11783,59
409124.0,Kent,14660,26
287000.0,Renton,10960,22
810000.0,Seattle,5988,53
525000.0,Bothell,9218,40
525000.0,Bellevue,12150,16
275000.0,Seattle,9000,46
583000.0,Renton,7700,19
237950.0,Covington,9386,38
1065000.0,Kirkland,14060,17
679000.0,Seattle,6580,97
410000.0,Seattle,7910,45
306000.0,Kirkland,8650,15
215000.0,Enumclaw,6900,105
594950.0,Sammamish,12726,36
305000.0,Federal Way,13996,59
425000.0,Seattle,10150,56
480000.0,Newcastle,10275,58
550000.0,Redmond,11150,59
750000.0,Sammamish,10485,22
840000.0,Seattle,13960,26
624800.0,Mercer Island,16524,61
630000.0,Kirkland,10477,39
590000.0,Lake Forest Park,12030,50
599950.0,Seattle,3634,11
299880.0,Seattle,4504,25
400000.0,Woodinville,8635,58
560000.0,Sammamish,8018,23
229000.0,Federal Way,9698,11
525000.0,Renton,13628,20
737000.0,Redmond,12062,18
680000.0,Seattle,7500,100
740000.0,Redmond,18451,28
335500.0,Seattle,8150,28
270000.0,Des Moines,9723,25
1037000.0,Newcastle,15100,22
379000.0,Kirkland,4443,39
468000.0,Woodinville,10500,33
321500.0,Seattle,2672,17
443000.0,Bothell,10143,36
340000.0,Renton,8924,53
470000.0,Kenmore,19579,11
545000.0,Renton,20137,23
415000.0,Shoreline,13207,42
759000.0,Seattle,6850,50
300000.0,Seattle,6835,32
359000.0,Seattle,6530,47
550000.0,Seattle,5040,101
395000.0,Seattle,7310,24
486000.0,Federal Way,15607,25
187000.0,Burien,12440,17
284000.0,Renton,11518,24
625000.0,Seattle,7100,36
252000.0,Renton,9370,59
560000.0,Kirkland,10229,24
900000.0,Seattle,6602,90
580000.0,Seattle,6950,21
309000.0,Des Moines,10735,62
412000.0,Federal Way,13127,16
215000.0,Kent,8480,58
741500.0,Redmond,7910,15
749000.0,Redmond,8168,17
659950.0,Renton,12910,11
530000.0,Issaquah,4868,15
595000.0,Seattle,8290,102
487000.0,Seattle,7541,20
760000.0,Seattle,11665,11
435000.0,Renton,7750,16
374950.0,Seattle,2874,18
440000.0,Seattle,2683,18
360000.0,Maple Valley,7380,20
545000.0,Vashon,16987,45
775000.0,Seattle,7980,39
725000.0,Seattle,4669,91
350000.0,Seattle,9317,36
410000.0,Burien,7970,42
639000.0,Seattle,7259,43
439000.0,Kirkland,9060,57
499950.0,Kirkland,9220,58
800000.0,Seattle,6220,25
350000.0,Federal Way,12338,32
279000.0,Seattle,6970,83
290256.0,Federal Way,9605,16
355000.0,Kent,6148,36
263000.0,Maple Valley,10767,32
880000.0,Seattle,6320,69
426500.0,Renton,9215,19
735000.0,Issaquah,10979,22
720000.0,Snoqualmie,12270,26
265000.0,Maple Valley,7530,34
657500.0,Bellevue,13280,24
850000.0,Bellevue,15740,59
436110.0,Seattle,3005,18
620000.0,Seattle,8250,20
254000.0,Seattle,5745,20
375000.0,Redmond,9066,22
455000.0,Bellevue,10189,53
445000.0,Bellevue,9865,60
568500.0,Sammamish,6660,19
352500.0,Shoreline,9352,22
342500.0,Kirkland,8717,43
299950.0,Auburn,9812,16
425000.0,Snoqualmie,7639,16
561000.0,Issaquah,7820,16
455500.0,Redmond,11771,50
475000.0,Redmond,9828,12
518000.0,Bellevue,9430,69
525000.0,Issaquah,9000,34
236000.0,Maple Valley,7827,28
278500.0,Federal Way,8146,16
205425.0,Seattle,7660,80
248000.0,Bellevue,10350,46
505000.0,Seattle,3266,23
657500.0,Sammamish,13166,36
670000.0,Seattle,4138,22
202000.0,Seattle,1423,32
690000.0,Redmond,11510,22
291000.0,Seattle,11348,25
230000.0,Kent,8356,24
850000.0,Shoreline,9834,102
84350.0,Yarrow Point,19105,42
7800.0,Tukwila,17124,83
237227.857143,Auburn,11597,25
0.0,Federal Way,11615,63
744312.5,Seattle,8700,17
0.0,Seattle,7990,24
0.0,Burien,12400,42
439333.333333,Seattle,7102,21
280000.0,Lake Forest Park,13058,58
0.0,Burien,8612,105
176225.0,Shoreline,8770,73
500324.0,Issaquah,4569,19
444845.0,Renton,5173,102
330000.0,Seattle,3250,11
292285.714286,Kent,15750,59
237333.333333,Sammamish,4852,14
0.0,Normandy Park,12670,24
254000.0,Bellevue,18978,36
238750.0,Kenmore,10039,26
268971.875,Kent,9446,28
642000.0,Bellevue,12550,25
571986.111111,Sammamish,15330,43
0.0,Snoqualmie,10954,19
0.0,Bellevue,13430,102
554250.0,Seattle,3199,22
0.0,Mercer Island,16053,17
300000.0,Seattle,8576,12
0.0,Bellevue,14518,19
540833.333333,Sammamish,11612,48
274750.0,Seattle,3402,22
148612.5,Seattle,6040,36
326428.571429,Seattle,6050,26
0.0,Lake Forest Park,16043,48
135333.333333,Seattle,8730,31
577437.5,Seattle,5860,25
440825.0,Seattle,6483,24
195000.0,Seattle,15995,36
257500.0,Issaquah,10092,11
176400.0,Renton,10522,44
193000.0,Seattle,7200,93
268971.875,Kent,8547,42
0.0,Seattle,7845,26
317061.875,Renton,11996,56
83300.0,Covington,9260,35
0.0,Covington,14845,35
266066.666667,Seattle,6510,15
342246.428571,Federal Way,9383,25
0.0,SeaTac,9900,39
0.0,Seattle,9300,71
0.0,Federal Way,8170,16
240015.333333,Federal Way,10020,52
259585.571429,Kent,11858,24
328211.904762,Auburn,11320,21
673476.818182,Sammamish,15639,35
0.0,Kenmore,14732,20
425000.0,Bothell,7319,22
127160.0,Renton,4942,43
341750.0,Sammamish,9921,39
178650.0,Burien,10390,42
87500.0,Auburn,7465,77
282508.888889,Shoreline,6182,79
450385.714286,Seattle,5031,32
532500.0,Bellevue,13950,42
156766.666667,Renton,5620,71
452500.0,Bellevue,19663,41
308830.769231,Seattle,5610,24
287919.782609,Seattle,6090,43
247875.0,Seattle,5776,43
173666.666667,Seattle,6290,25
237481.25,Renton,9680,34
326983.333333,Kenmore,6012,16
790000.0,Seattle,7410,102
0.0,Seattle,6720,29
678333.333333,Seattle,4875,22
723243.75,Kirkland,16150,11
667781.25,Bellevue,13297,32
108333.333333,Maple Valley,11136,56
0.0,Seattle,8356,100
535000.0,Seattle,7640,53
596165.428571,Seattle,8580,75
148612.5,Seattle,7900,26
0.0,Mercer Island,8010,73
0.0,Maple Valley,6788,19
341166.666667,Renton,6470,11
557125.0,Woodinville,15817,34
228944.444444,Kent,13055,53
535000.0,Seattle,11031,90
420642.857143,Kirkland,9430,56
132250.0,Kent,14320,19
237227.857143,Auburn,9310,33
423050.925926,Seattle,5480,27
315368.7,Maple Valley,15556,16
417985.714286,Kirkland,9570,48
723243.75,Kirkland,10225,11
259950.0,Redmond,11330,33
237333.333333,Sammamish,18840,53
426090.0,Kenmore,8297,30
458663.888889,Seattle,8607,31
135333.333333,Seattle,8400,81
0.0,Seattle,9110,26
0.0,Clyde Hill,16380,75
0.0,Renton,10103,102
387884.615385,Kirkland,9809,87
437500.0,Sammamish,15618,19
641633.333333,Redmond,7617,25
229629.5,Shoreline,9381,37
0.0,Seattle,5580,99
210614.285714,Kent,12329,59
790000.0,Seattle,6420,41
435500.0,Seattle,2906,17
738190.857143,Seattle,5360,23
497333.333333,Bellevue,14634,58
300000.0,Seattle,10575,24
1036200.0,Seattle,8301,22
163785.714286,Seattle,6260,13
351250.0,Seattle,6920,13
645325.0,Kirkland,13151,22
171224.8,Renton,9506,82
0.0,Sammamish,12095,19
540000.0,Bellevue,20779,47
233166.666667,Seattle,8570,54
225279.428571,Federal Way,9775,52
331366.666667,Seattle,3779,22
460886.923077,Renton,7750,16
337945.75,Seattle,10779,19
243069.230769,Renton,13649,21
0.0,Mercer Island,16803,23
690408.62069,Sammamish,18120,30
220083.333333,Kent,9229,42
297857.142857,Covington,8490,22
323833.333333,Seattle,7693,13
309000.0,Seattle,4500,14
248400.0,Auburn,13129,40
0.0,Auburn,13560,94
0.0,Seattle,9310,66
0.0,Seattle,8260,22
288500.0,Renton,13150,47
379509.166667,Seattle,7293,20
950100.0,Mercer Island,16354,60
542500.0,Mercer Island,17631,45
362750.0,Seattle,4240,11
234975.0,Duvall,16541,26
672500.0,Mercer Island,12620,52
391400.0,Bellevue,8650,66
0.0,Bellevue,8610,25
198995.0,Seattle,9463,26
278900.0,Woodinville,10788,28
171758.333333,Enumclaw,9512,34
325187.5,Renton,9560,57
190368.75,Seattle,6770,81
375000.0,Kirkland,11317,24
216000.0,Redmond,6210,17
0.0,Snoqualmie,9535,24
360500.0,Seattle,2037,18
289987.5,Burien,16900,24
264270.0,Kent,9330,47
602761.0,Issaquah,13044,36
251555.555556,Burien,9550,69
214750.0,Renton,9250,11
258125.0,Seattle,8670,14
0.0,Lake Forest Park,6957,41
0.0,Federal Way,9234,66
0.0,Seattle,9560,74
167500.0,Seattle,2640,71
0.0,Seattle,12250,74
464600.0,Seattle,4240,101
132250.0,Kent,10564,34
433111.111111,Seattle,2894,20
542500.0,Mercer Island,18620,24
0.0,Seattle,7050,27
368112.5,Bothell,11073,34
673476.818182,Sammamish,21831,25
558653.846154,Seattle,4740,55
168333.333333,Burien,7650,25
268971.875,Kent,6759,20
550607.142857,Seattle,6460,17
584000.0,Seattle,2526,17
0.0,Bellevue,10550,24
245000.0,Seattle,9880,48
287919.782609,Seattle,5470,43
672500.0,Mercer Island,14763,53
454790.0,Seattle,5990,27
282508.888889,Shoreline,9112,77
473200.0,Seattle,5940,105
406062.5,Seattle,5940,35
282766.666667,Bellevue,10340,15
486445.833333,Bellevue,11912,41
430277.777778,Issaquah,2695,16
229629.5,Shoreline,8919,31
0.0,Renton,21116,41
182805.0,Federal Way,9932,53
380680.555556,Renton,10951,34
396166.666667,Seattle,7632,80
252980.0,Federal Way,10699,32
289373.307692,Auburn,7138,102
210614.285714,Kent,8833,31
308166.666667,Seattle,7870,46
534333.333333,Bellevue,9033,16
416904.166667,Renton,10024,16
203400.0,Seattle,8720,51
220600.0,Covington,9592,35
